--
-- PostgreSQL database dump
--

-- Dumped from database version 14.5
-- Dumped by pg_dump version 14.12 (Ubuntu 14.12-0ubuntu0.22.04.1)

SET statement_timeout = 0;
SET lock_timeout = 0;
SET idle_in_transaction_session_timeout = 0;
SET client_encoding = 'UTF8';
SET standard_conforming_strings = on;
SELECT pg_catalog.set_config('search_path', '', false);
SET check_function_bodies = false;
SET xmloption = content;
SET client_min_messages = warning;
SET row_security = off;

DROP DATABASE geoshop;
--
-- Name: geoshop; Type: DATABASE; Schema: -; Owner: geoshop
--

CREATE DATABASE geoshop WITH TEMPLATE = template0 ENCODING = 'UTF8' LOCALE = 'en_US.utf8';


ALTER DATABASE geoshop OWNER TO geoshop;

\connect geoshop

SET statement_timeout = 0;
SET lock_timeout = 0;
SET idle_in_transaction_session_timeout = 0;
SET client_encoding = 'UTF8';
SET standard_conforming_strings = on;
SELECT pg_catalog.set_config('search_path', '', false);
SET check_function_bodies = false;
SET xmloption = content;
SET client_min_messages = warning;
SET row_security = off;

--
-- Name: postgis; Type: EXTENSION; Schema: -; Owner: -
--

CREATE EXTENSION IF NOT EXISTS postgis WITH SCHEMA public;


--
-- Name: EXTENSION postgis; Type: COMMENT; Schema: -; Owner: 
--

COMMENT ON EXTENSION postgis IS 'PostGIS geometry and geography spatial types and functions';


SET default_tablespace = '';

SET default_table_access_method = heap;

--
-- Name: account_emailaddress; Type: TABLE; Schema: public; Owner: geoshop
--

CREATE TABLE public.account_emailaddress (
    id integer NOT NULL,
    email character varying(254) NOT NULL,
    verified boolean NOT NULL,
    "primary" boolean NOT NULL,
    user_id integer NOT NULL
);


ALTER TABLE public.account_emailaddress OWNER TO geoshop;

--
-- Name: account_emailaddress_id_seq; Type: SEQUENCE; Schema: public; Owner: geoshop
--

ALTER TABLE public.account_emailaddress ALTER COLUMN id ADD GENERATED BY DEFAULT AS IDENTITY (
    SEQUENCE NAME public.account_emailaddress_id_seq
    START WITH 1
    INCREMENT BY 1
    NO MINVALUE
    NO MAXVALUE
    CACHE 1
);


--
-- Name: account_emailconfirmation; Type: TABLE; Schema: public; Owner: geoshop
--

CREATE TABLE public.account_emailconfirmation (
    id integer NOT NULL,
    created timestamp with time zone NOT NULL,
    sent timestamp with time zone,
    key character varying(64) NOT NULL,
    email_address_id integer NOT NULL
);


ALTER TABLE public.account_emailconfirmation OWNER TO geoshop;

--
-- Name: account_emailconfirmation_id_seq; Type: SEQUENCE; Schema: public; Owner: geoshop
--

ALTER TABLE public.account_emailconfirmation ALTER COLUMN id ADD GENERATED BY DEFAULT AS IDENTITY (
    SEQUENCE NAME public.account_emailconfirmation_id_seq
    START WITH 1
    INCREMENT BY 1
    NO MINVALUE
    NO MAXVALUE
    CACHE 1
);


--
-- Name: auth_group; Type: TABLE; Schema: public; Owner: geoshop
--

CREATE TABLE public.auth_group (
    id integer NOT NULL,
    name character varying(150) NOT NULL
);


ALTER TABLE public.auth_group OWNER TO geoshop;

--
-- Name: auth_group_id_seq; Type: SEQUENCE; Schema: public; Owner: geoshop
--

ALTER TABLE public.auth_group ALTER COLUMN id ADD GENERATED BY DEFAULT AS IDENTITY (
    SEQUENCE NAME public.auth_group_id_seq
    START WITH 1
    INCREMENT BY 1
    NO MINVALUE
    NO MAXVALUE
    CACHE 1
);


--
-- Name: auth_group_permissions; Type: TABLE; Schema: public; Owner: geoshop
--

CREATE TABLE public.auth_group_permissions (
    id integer NOT NULL,
    group_id integer NOT NULL,
    permission_id integer NOT NULL
);


ALTER TABLE public.auth_group_permissions OWNER TO geoshop;

--
-- Name: auth_group_permissions_id_seq; Type: SEQUENCE; Schema: public; Owner: geoshop
--

ALTER TABLE public.auth_group_permissions ALTER COLUMN id ADD GENERATED BY DEFAULT AS IDENTITY (
    SEQUENCE NAME public.auth_group_permissions_id_seq
    START WITH 1
    INCREMENT BY 1
    NO MINVALUE
    NO MAXVALUE
    CACHE 1
);


--
-- Name: auth_permission; Type: TABLE; Schema: public; Owner: geoshop
--

CREATE TABLE public.auth_permission (
    id integer NOT NULL,
    name character varying(255) NOT NULL,
    content_type_id integer NOT NULL,
    codename character varying(100) NOT NULL
);


ALTER TABLE public.auth_permission OWNER TO geoshop;

--
-- Name: auth_permission_id_seq; Type: SEQUENCE; Schema: public; Owner: geoshop
--

ALTER TABLE public.auth_permission ALTER COLUMN id ADD GENERATED BY DEFAULT AS IDENTITY (
    SEQUENCE NAME public.auth_permission_id_seq
    START WITH 1
    INCREMENT BY 1
    NO MINVALUE
    NO MAXVALUE
    CACHE 1
);


--
-- Name: auth_user; Type: TABLE; Schema: public; Owner: geoshop
--

CREATE TABLE public.auth_user (
    id integer NOT NULL,
    password character varying(128) NOT NULL,
    last_login timestamp with time zone,
    is_superuser boolean NOT NULL,
    username character varying(150) NOT NULL,
    first_name character varying(150) NOT NULL,
    last_name character varying(150) NOT NULL,
    email character varying(254) NOT NULL,
    is_staff boolean NOT NULL,
    is_active boolean NOT NULL,
    date_joined timestamp with time zone NOT NULL
);


ALTER TABLE public.auth_user OWNER TO geoshop;

--
-- Name: auth_user_groups; Type: TABLE; Schema: public; Owner: geoshop
--

CREATE TABLE public.auth_user_groups (
    id integer NOT NULL,
    user_id integer NOT NULL,
    group_id integer NOT NULL
);


ALTER TABLE public.auth_user_groups OWNER TO geoshop;

--
-- Name: auth_user_groups_id_seq; Type: SEQUENCE; Schema: public; Owner: geoshop
--

ALTER TABLE public.auth_user_groups ALTER COLUMN id ADD GENERATED BY DEFAULT AS IDENTITY (
    SEQUENCE NAME public.auth_user_groups_id_seq
    START WITH 1
    INCREMENT BY 1
    NO MINVALUE
    NO MAXVALUE
    CACHE 1
);


--
-- Name: auth_user_id_seq; Type: SEQUENCE; Schema: public; Owner: geoshop
--

ALTER TABLE public.auth_user ALTER COLUMN id ADD GENERATED BY DEFAULT AS IDENTITY (
    SEQUENCE NAME public.auth_user_id_seq
    START WITH 1
    INCREMENT BY 1
    NO MINVALUE
    NO MAXVALUE
    CACHE 1
);


--
-- Name: auth_user_user_permissions; Type: TABLE; Schema: public; Owner: geoshop
--

CREATE TABLE public.auth_user_user_permissions (
    id integer NOT NULL,
    user_id integer NOT NULL,
    permission_id integer NOT NULL
);


ALTER TABLE public.auth_user_user_permissions OWNER TO geoshop;

--
-- Name: auth_user_user_permissions_id_seq; Type: SEQUENCE; Schema: public; Owner: geoshop
--

ALTER TABLE public.auth_user_user_permissions ALTER COLUMN id ADD GENERATED BY DEFAULT AS IDENTITY (
    SEQUENCE NAME public.auth_user_user_permissions_id_seq
    START WITH 1
    INCREMENT BY 1
    NO MINVALUE
    NO MAXVALUE
    CACHE 1
);


--
-- Name: contact; Type: TABLE; Schema: public; Owner: geoshop
--

CREATE TABLE public.contact (
    id integer NOT NULL,
    first_name character varying(50) NOT NULL,
    last_name character varying(150) NOT NULL,
    email character varying(254) NOT NULL,
    street character varying(100) NOT NULL,
    street2 character varying(100) NOT NULL,
    postcode character varying(10) NOT NULL,
    city character varying(50) NOT NULL,
    country character varying(50) NOT NULL,
    company_name character varying(250) NOT NULL,
    phone character varying(50) NOT NULL,
    belongs_to_id integer NOT NULL,
    sap_id bigint,
    subscribed boolean NOT NULL,
    is_active boolean NOT NULL
);


ALTER TABLE public.contact OWNER TO geoshop;

--
-- Name: contact_id_seq; Type: SEQUENCE; Schema: public; Owner: geoshop
--

ALTER TABLE public.contact ALTER COLUMN id ADD GENERATED BY DEFAULT AS IDENTITY (
    SEQUENCE NAME public.contact_id_seq
    START WITH 1
    INCREMENT BY 1
    NO MINVALUE
    NO MAXVALUE
    CACHE 1
);


--
-- Name: copyright; Type: TABLE; Schema: public; Owner: geoshop
--

CREATE TABLE public.copyright (
    id integer NOT NULL,
    description text NOT NULL
);


ALTER TABLE public.copyright OWNER TO geoshop;

--
-- Name: copyright_id_seq; Type: SEQUENCE; Schema: public; Owner: geoshop
--

ALTER TABLE public.copyright ALTER COLUMN id ADD GENERATED BY DEFAULT AS IDENTITY (
    SEQUENCE NAME public.copyright_id_seq
    START WITH 1
    INCREMENT BY 1
    NO MINVALUE
    NO MAXVALUE
    CACHE 1
);


--
-- Name: data_format; Type: TABLE; Schema: public; Owner: geoshop
--

CREATE TABLE public.data_format (
    id integer NOT NULL,
    name character varying(100) NOT NULL
);


ALTER TABLE public.data_format OWNER TO geoshop;

--
-- Name: data_format_id_seq; Type: SEQUENCE; Schema: public; Owner: geoshop
--

ALTER TABLE public.data_format ALTER COLUMN id ADD GENERATED BY DEFAULT AS IDENTITY (
    SEQUENCE NAME public.data_format_id_seq
    START WITH 1
    INCREMENT BY 1
    NO MINVALUE
    NO MAXVALUE
    CACHE 1
);


--
-- Name: django_admin_log; Type: TABLE; Schema: public; Owner: geoshop
--

CREATE TABLE public.django_admin_log (
    id integer NOT NULL,
    action_time timestamp with time zone NOT NULL,
    object_id text,
    object_repr character varying(200) NOT NULL,
    action_flag smallint NOT NULL,
    change_message text NOT NULL,
    content_type_id integer,
    user_id integer NOT NULL,
    CONSTRAINT django_admin_log_action_flag_check CHECK ((action_flag >= 0))
);


ALTER TABLE public.django_admin_log OWNER TO geoshop;

--
-- Name: django_admin_log_id_seq; Type: SEQUENCE; Schema: public; Owner: geoshop
--

ALTER TABLE public.django_admin_log ALTER COLUMN id ADD GENERATED BY DEFAULT AS IDENTITY (
    SEQUENCE NAME public.django_admin_log_id_seq
    START WITH 1
    INCREMENT BY 1
    NO MINVALUE
    NO MAXVALUE
    CACHE 1
);


--
-- Name: django_content_type; Type: TABLE; Schema: public; Owner: geoshop
--

CREATE TABLE public.django_content_type (
    id integer NOT NULL,
    app_label character varying(100) NOT NULL,
    model character varying(100) NOT NULL
);


ALTER TABLE public.django_content_type OWNER TO geoshop;

--
-- Name: django_content_type_id_seq; Type: SEQUENCE; Schema: public; Owner: geoshop
--

ALTER TABLE public.django_content_type ALTER COLUMN id ADD GENERATED BY DEFAULT AS IDENTITY (
    SEQUENCE NAME public.django_content_type_id_seq
    START WITH 1
    INCREMENT BY 1
    NO MINVALUE
    NO MAXVALUE
    CACHE 1
);


--
-- Name: django_migrations; Type: TABLE; Schema: public; Owner: geoshop
--

CREATE TABLE public.django_migrations (
    id integer NOT NULL,
    app character varying(255) NOT NULL,
    name character varying(255) NOT NULL,
    applied timestamp with time zone NOT NULL
);


ALTER TABLE public.django_migrations OWNER TO geoshop;

--
-- Name: django_migrations_id_seq; Type: SEQUENCE; Schema: public; Owner: geoshop
--

ALTER TABLE public.django_migrations ALTER COLUMN id ADD GENERATED BY DEFAULT AS IDENTITY (
    SEQUENCE NAME public.django_migrations_id_seq
    START WITH 1
    INCREMENT BY 1
    NO MINVALUE
    NO MAXVALUE
    CACHE 1
);


--
-- Name: django_session; Type: TABLE; Schema: public; Owner: geoshop
--

CREATE TABLE public.django_session (
    session_key character varying(40) NOT NULL,
    session_data text NOT NULL,
    expire_date timestamp with time zone NOT NULL
);


ALTER TABLE public.django_session OWNER TO geoshop;

--
-- Name: django_site; Type: TABLE; Schema: public; Owner: geoshop
--

CREATE TABLE public.django_site (
    id integer NOT NULL,
    domain character varying(100) NOT NULL,
    name character varying(50) NOT NULL
);


ALTER TABLE public.django_site OWNER TO geoshop;

--
-- Name: django_site_id_seq; Type: SEQUENCE; Schema: public; Owner: geoshop
--

ALTER TABLE public.django_site ALTER COLUMN id ADD GENERATED BY DEFAULT AS IDENTITY (
    SEQUENCE NAME public.django_site_id_seq
    START WITH 1
    INCREMENT BY 1
    NO MINVALUE
    NO MAXVALUE
    CACHE 1
);


--
-- Name: document; Type: TABLE; Schema: public; Owner: geoshop
--

CREATE TABLE public.document (
    id integer NOT NULL,
    name character varying(80) NOT NULL,
    link character varying(2000) NOT NULL
);


ALTER TABLE public.document OWNER TO geoshop;

--
-- Name: document_id_seq; Type: SEQUENCE; Schema: public; Owner: geoshop
--

ALTER TABLE public.document ALTER COLUMN id ADD GENERATED BY DEFAULT AS IDENTITY (
    SEQUENCE NAME public.document_id_seq
    START WITH 1
    INCREMENT BY 1
    NO MINVALUE
    NO MAXVALUE
    CACHE 1
);


--
-- Name: identity; Type: TABLE; Schema: public; Owner: geoshop
--

CREATE TABLE public.identity (
    id integer NOT NULL,
    first_name character varying(50) NOT NULL,
    last_name character varying(150) NOT NULL,
    email character varying(254) NOT NULL,
    street character varying(100) NOT NULL,
    street2 character varying(100) NOT NULL,
    postcode character varying(10) NOT NULL,
    city character varying(50) NOT NULL,
    country character varying(50) NOT NULL,
    company_name character varying(250) NOT NULL,
    phone character varying(50) NOT NULL,
    sap_id bigint,
    ide_id character varying(15),
    contract_accepted date,
    birthday date,
    is_public boolean NOT NULL,
    subscribed boolean NOT NULL,
    user_id integer
);


ALTER TABLE public.identity OWNER TO geoshop;

--
-- Name: identity_id_seq; Type: SEQUENCE; Schema: public; Owner: geoshop
--

ALTER TABLE public.identity ALTER COLUMN id ADD GENERATED BY DEFAULT AS IDENTITY (
    SEQUENCE NAME public.identity_id_seq
    START WITH 1
    INCREMENT BY 1
    NO MINVALUE
    NO MAXVALUE
    CACHE 1
);


--
-- Name: metadata; Type: TABLE; Schema: public; Owner: geoshop
--

CREATE TABLE public.metadata (
    id integer NOT NULL,
    id_name character varying(100) NOT NULL,
    name character varying(300) NOT NULL,
    description_long text NOT NULL,
    scale character varying(50) NOT NULL,
    geocat_link character varying(2000) NOT NULL,
    legend_link character varying(2000) NOT NULL,
    image_link character varying(250) NOT NULL,
    modified_date timestamp with time zone NOT NULL,
    copyright_id integer,
    modified_user_id integer NOT NULL,
    datasource character varying(260),
    accessibility character varying(30) NOT NULL,
    data_last_update_date date,
    genealogy text NOT NULL,
    update_frequency character varying(50) NOT NULL,
    ech_category_id integer,
    geoportal_link character varying(2000) NOT NULL,
    wms_link character varying(2000) NOT NULL
);


ALTER TABLE public.metadata OWNER TO geoshop;

--
-- Name: metadata_category_ech; Type: TABLE; Schema: public; Owner: geoshop
--

CREATE TABLE public.metadata_category_ech (
    id integer NOT NULL,
    notation character varying(3) NOT NULL,
    description_fr character varying(250) NOT NULL
);


ALTER TABLE public.metadata_category_ech OWNER TO geoshop;

--
-- Name: metadata_category_ech_id_seq; Type: SEQUENCE; Schema: public; Owner: geoshop
--

ALTER TABLE public.metadata_category_ech ALTER COLUMN id ADD GENERATED BY DEFAULT AS IDENTITY (
    SEQUENCE NAME public.metadata_category_ech_id_seq
    START WITH 1
    INCREMENT BY 1
    NO MINVALUE
    NO MAXVALUE
    CACHE 1
);


--
-- Name: metadata_contact_persons; Type: TABLE; Schema: public; Owner: geoshop
--

CREATE TABLE public.metadata_contact_persons (
    id integer NOT NULL,
    metadata_role character varying(150) NOT NULL,
    contact_person_id integer NOT NULL,
    metadata_id integer NOT NULL,
    is_validator boolean NOT NULL
);


ALTER TABLE public.metadata_contact_persons OWNER TO geoshop;

--
-- Name: metadata_contact_persons_id_seq; Type: SEQUENCE; Schema: public; Owner: geoshop
--

ALTER TABLE public.metadata_contact_persons ALTER COLUMN id ADD GENERATED BY DEFAULT AS IDENTITY (
    SEQUENCE NAME public.metadata_contact_persons_id_seq
    START WITH 1
    INCREMENT BY 1
    NO MINVALUE
    NO MAXVALUE
    CACHE 1
);


--
-- Name: metadata_documents; Type: TABLE; Schema: public; Owner: geoshop
--

CREATE TABLE public.metadata_documents (
    id integer NOT NULL,
    metadata_id integer NOT NULL,
    document_id integer NOT NULL
);


ALTER TABLE public.metadata_documents OWNER TO geoshop;

--
-- Name: metadata_documents_id_seq; Type: SEQUENCE; Schema: public; Owner: geoshop
--

ALTER TABLE public.metadata_documents ALTER COLUMN id ADD GENERATED BY DEFAULT AS IDENTITY (
    SEQUENCE NAME public.metadata_documents_id_seq
    START WITH 1
    INCREMENT BY 1
    NO MINVALUE
    NO MAXVALUE
    CACHE 1
);


--
-- Name: metadata_id_seq; Type: SEQUENCE; Schema: public; Owner: geoshop
--

ALTER TABLE public.metadata ALTER COLUMN id ADD GENERATED BY DEFAULT AS IDENTITY (
    SEQUENCE NAME public.metadata_id_seq
    START WITH 1
    INCREMENT BY 1
    NO MINVALUE
    NO MAXVALUE
    CACHE 1
);


--
-- Name: order; Type: TABLE; Schema: public; Owner: geoshop
--

CREATE TABLE public."order" (
    id integer NOT NULL,
    title character varying(255) NOT NULL,
    description text NOT NULL,
    processing_fee_currency character varying(3),
    processing_fee numeric(14,2),
    total_without_vat_currency character varying(3),
    total_without_vat numeric(14,2),
    part_vat_currency character varying(3),
    part_vat numeric(14,2),
    total_with_vat_currency character varying(3),
    total_with_vat numeric(14,2),
    geom public.geometry(Polygon,2056) NOT NULL,
    invoice_reference character varying(255) NOT NULL,
    order_status character varying(20) NOT NULL,
    date_ordered timestamp with time zone,
    date_downloaded timestamp with time zone,
    date_processed timestamp with time zone,
    client_id integer NOT NULL,
    invoice_contact_id integer,
    order_type_id integer NOT NULL,
    extract_result character varying(100),
    download_guid uuid,
    email_deliver character varying(254)
);


ALTER TABLE public."order" OWNER TO geoshop;

--
-- Name: order_id_seq; Type: SEQUENCE; Schema: public; Owner: geoshop
--

ALTER TABLE public."order" ALTER COLUMN id ADD GENERATED BY DEFAULT AS IDENTITY (
    SEQUENCE NAME public.order_id_seq
    START WITH 1
    INCREMENT BY 1
    NO MINVALUE
    NO MAXVALUE
    CACHE 1
);


--
-- Name: order_item; Type: TABLE; Schema: public; Owner: geoshop
--

CREATE TABLE public.order_item (
    id integer NOT NULL,
    last_download timestamp with time zone,
    price_status character varying(20) NOT NULL,
    _price_currency character varying(3),
    _price numeric(14,2),
    _base_fee_currency character varying(3),
    _base_fee numeric(14,2),
    data_format_id integer,
    order_id integer,
    product_id integer,
    extract_result character varying(100),
    srid integer NOT NULL,
    status character varying(20) NOT NULL,
    comment text,
    token character varying(256),
    validation_date timestamp with time zone
);


ALTER TABLE public.order_item OWNER TO geoshop;

--
-- Name: order_item_id_seq; Type: SEQUENCE; Schema: public; Owner: geoshop
--

ALTER TABLE public.order_item ALTER COLUMN id ADD GENERATED BY DEFAULT AS IDENTITY (
    SEQUENCE NAME public.order_item_id_seq
    START WITH 1
    INCREMENT BY 1
    NO MINVALUE
    NO MAXVALUE
    CACHE 1
);


--
-- Name: order_type; Type: TABLE; Schema: public; Owner: geoshop
--

CREATE TABLE public.order_type (
    id integer NOT NULL,
    name character varying(30) NOT NULL
);


ALTER TABLE public.order_type OWNER TO geoshop;

--
-- Name: order_type_id_seq; Type: SEQUENCE; Schema: public; Owner: geoshop
--

ALTER TABLE public.order_type ALTER COLUMN id ADD GENERATED BY DEFAULT AS IDENTITY (
    SEQUENCE NAME public.order_type_id_seq
    START WITH 1
    INCREMENT BY 1
    NO MINVALUE
    NO MAXVALUE
    CACHE 1
);


--
-- Name: pricing; Type: TABLE; Schema: public; Owner: geoshop
--

CREATE TABLE public.pricing (
    id integer NOT NULL,
    name character varying(100),
    pricing_type character varying(30) NOT NULL,
    base_fee_currency character varying(3),
    base_fee numeric(14,2),
    min_price_currency character varying(3),
    min_price numeric(14,2),
    max_price_currency character varying(3),
    max_price numeric(14,2),
    unit_price_currency character varying(3),
    unit_price numeric(14,2)
);


ALTER TABLE public.pricing OWNER TO geoshop;

--
-- Name: pricing_id_seq; Type: SEQUENCE; Schema: public; Owner: geoshop
--

ALTER TABLE public.pricing ALTER COLUMN id ADD GENERATED BY DEFAULT AS IDENTITY (
    SEQUENCE NAME public.pricing_id_seq
    START WITH 1
    INCREMENT BY 1
    NO MINVALUE
    NO MAXVALUE
    CACHE 1
);


--
-- Name: pricing_layer; Type: TABLE; Schema: public; Owner: geoshop
--

CREATE TABLE public.pricing_layer (
    id integer NOT NULL,
    name character varying(300),
    unit_price_currency character varying(3),
    unit_price numeric(14,2),
    geom public.geometry(Geometry,2056) NOT NULL,
    pricing_id integer
);


ALTER TABLE public.pricing_layer OWNER TO geoshop;

--
-- Name: pricing_layer_id_seq; Type: SEQUENCE; Schema: public; Owner: geoshop
--

ALTER TABLE public.pricing_layer ALTER COLUMN id ADD GENERATED BY DEFAULT AS IDENTITY (
    SEQUENCE NAME public.pricing_layer_id_seq
    START WITH 1
    INCREMENT BY 1
    NO MINVALUE
    NO MAXVALUE
    CACHE 1
);


--
-- Name: product; Type: TABLE; Schema: public; Owner: geoshop
--

CREATE TABLE public.product (
    id integer NOT NULL,
    label character varying(250) NOT NULL,
    product_status character varying(30) NOT NULL,
    "order" bigint,
    ts tsvector,
    group_id integer,
    metadata_id integer NOT NULL,
    pricing_id integer NOT NULL,
    thumbnail_link character varying(250) NOT NULL,
    provider_id integer NOT NULL,
    free_when_subscribed boolean NOT NULL,
    geom public.geometry(MultiPolygon,2056)
);


ALTER TABLE public.product OWNER TO geoshop;

--
-- Name: product_field; Type: TABLE; Schema: public; Owner: geoshop
--

CREATE TABLE public.product_field (
    id integer NOT NULL,
    db_name character varying(50) NOT NULL,
    export_name character varying(50) NOT NULL,
    field_type character varying(10) NOT NULL,
    field_length smallint NOT NULL,
    product_id integer NOT NULL
);


ALTER TABLE public.product_field OWNER TO geoshop;

--
-- Name: product_field_id_seq; Type: SEQUENCE; Schema: public; Owner: geoshop
--

ALTER TABLE public.product_field ALTER COLUMN id ADD GENERATED BY DEFAULT AS IDENTITY (
    SEQUENCE NAME public.product_field_id_seq
    START WITH 1
    INCREMENT BY 1
    NO MINVALUE
    NO MAXVALUE
    CACHE 1
);


--
-- Name: product_format; Type: TABLE; Schema: public; Owner: geoshop
--

CREATE TABLE public.product_format (
    id integer NOT NULL,
    is_manual boolean NOT NULL,
    data_format_id integer NOT NULL,
    product_id integer NOT NULL
);


ALTER TABLE public.product_format OWNER TO geoshop;

--
-- Name: product_format_id_seq; Type: SEQUENCE; Schema: public; Owner: geoshop
--

ALTER TABLE public.product_format ALTER COLUMN id ADD GENERATED BY DEFAULT AS IDENTITY (
    SEQUENCE NAME public.product_format_id_seq
    START WITH 1
    INCREMENT BY 1
    NO MINVALUE
    NO MAXVALUE
    CACHE 1
);


--
-- Name: product_id_seq; Type: SEQUENCE; Schema: public; Owner: geoshop
--

ALTER TABLE public.product ALTER COLUMN id ADD GENERATED BY DEFAULT AS IDENTITY (
    SEQUENCE NAME public.product_id_seq
    START WITH 1
    INCREMENT BY 1
    NO MINVALUE
    NO MAXVALUE
    CACHE 1
);


--
-- Name: user_change; Type: TABLE; Schema: public; Owner: geoshop
--

CREATE TABLE public.user_change (
    id integer NOT NULL,
    first_name character varying(50) NOT NULL,
    last_name character varying(150) NOT NULL,
    email character varying(254) NOT NULL,
    street character varying(100) NOT NULL,
    street2 character varying(100) NOT NULL,
    postcode character varying(10) NOT NULL,
    city character varying(50) NOT NULL,
    country character varying(50) NOT NULL,
    company_name character varying(250) NOT NULL,
    ide_id character varying(15),
    phone character varying(50) NOT NULL,
    client_id integer NOT NULL
);


ALTER TABLE public.user_change OWNER TO geoshop;

--
-- Name: user_change_id_seq; Type: SEQUENCE; Schema: public; Owner: geoshop
--

ALTER TABLE public.user_change ALTER COLUMN id ADD GENERATED BY DEFAULT AS IDENTITY (
    SEQUENCE NAME public.user_change_id_seq
    START WITH 1
    INCREMENT BY 1
    NO MINVALUE
    NO MAXVALUE
    CACHE 1
);


--
-- Data for Name: account_emailaddress; Type: TABLE DATA; Schema: public; Owner: geoshop
--

COPY public.account_emailaddress (id, email, verified, "primary", user_id) FROM stdin;
\.


--
-- Data for Name: account_emailconfirmation; Type: TABLE DATA; Schema: public; Owner: geoshop
--

COPY public.account_emailconfirmation (id, created, sent, key, email_address_id) FROM stdin;
\.


--
-- Data for Name: auth_group; Type: TABLE DATA; Schema: public; Owner: geoshop
--

COPY public.auth_group (id, name) FROM stdin;
1	internal
2	extract
\.


--
-- Data for Name: auth_group_permissions; Type: TABLE DATA; Schema: public; Owner: geoshop
--

COPY public.auth_group_permissions (id, group_id, permission_id) FROM stdin;
1	2	106
\.


--
-- Data for Name: auth_permission; Type: TABLE DATA; Schema: public; Owner: geoshop
--

COPY public.auth_permission (id, name, content_type_id, codename) FROM stdin;
1	Can add copyright	1	add_copyright
2	Can change copyright	1	change_copyright
3	Can delete copyright	1	delete_copyright
4	Can view copyright	1	view_copyright
5	Can add data_format	2	add_dataformat
6	Can change data_format	2	change_dataformat
7	Can delete data_format	2	delete_dataformat
8	Can view data_format	2	view_dataformat
9	Can add document	3	add_document
10	Can change document	3	change_document
11	Can delete document	3	delete_document
12	Can view document	3	view_document
13	Can add identity	4	add_identity
14	Can change identity	4	change_identity
15	Can delete identity	4	delete_identity
16	Can view identity	4	view_identity
17	Can add metadata	5	add_metadata
18	Can change metadata	5	change_metadata
19	Can delete metadata	5	delete_metadata
20	Can view metadata	5	view_metadata
21	Can view metadata with accessibility set to "internal"	5	view_internal
22	Can add order	6	add_order
23	Can change order	6	change_order
24	Can delete order	6	delete_order
25	Can view order	6	view_order
26	Can add order type	7	add_ordertype
27	Can change order type	7	change_ordertype
28	Can delete order type	7	delete_ordertype
29	Can view order type	7	view_ordertype
30	Can add pricing	8	add_pricing
31	Can change pricing	8	change_pricing
32	Can delete pricing	8	delete_pricing
33	Can view pricing	8	view_pricing
34	Can add product	9	add_product
35	Can change product	9	change_product
36	Can delete product	9	delete_product
37	Can view product	9	view_product
38	Can add user_change	10	add_userchange
39	Can change user_change	10	change_userchange
40	Can delete user_change	10	delete_userchange
41	Can view user_change	10	view_userchange
42	Can add product_field	11	add_productfield
43	Can change product_field	11	change_productfield
44	Can delete product_field	11	delete_productfield
45	Can view product_field	11	view_productfield
46	Can add order_item	12	add_orderitem
47	Can change order_item	12	change_orderitem
48	Can delete order_item	12	delete_orderitem
49	Can view order_item	12	view_orderitem
50	Can add metadata_contact	13	add_metadatacontact
51	Can change metadata_contact	13	change_metadatacontact
52	Can delete metadata_contact	13	delete_metadatacontact
53	Can view metadata_contact	13	view_metadatacontact
54	Can add contact	14	add_contact
55	Can change contact	14	change_contact
56	Can delete contact	14	delete_contact
57	Can view contact	14	view_contact
58	Can add product_format	15	add_productformat
59	Can change product_format	15	change_productformat
60	Can delete product_format	15	delete_productformat
61	Can view product_format	15	view_productformat
62	Can add pricing_layer	16	add_pricinggeometry
63	Can change pricing_layer	16	change_pricinggeometry
64	Can delete pricing_layer	16	delete_pricinggeometry
65	Can view pricing_layer	16	view_pricinggeometry
66	Can add metadata_category_ech	17	add_metadatacategoryech
67	Can change metadata_category_ech	17	change_metadatacategoryech
68	Can delete metadata_category_ech	17	delete_metadatacategoryech
69	Can view metadata_category_ech	17	view_metadatacategoryech
70	Can add log entry	18	add_logentry
71	Can change log entry	18	change_logentry
72	Can delete log entry	18	delete_logentry
73	Can view log entry	18	view_logentry
74	Can add permission	19	add_permission
75	Can change permission	19	change_permission
76	Can delete permission	19	delete_permission
77	Can view permission	19	view_permission
78	Can add group	20	add_group
79	Can change group	20	change_group
80	Can delete group	20	delete_group
81	Can view group	20	view_group
82	Can add user	21	add_user
83	Can change user	21	change_user
84	Can delete user	21	delete_user
85	Can view user	21	view_user
86	Can add content type	22	add_contenttype
87	Can change content type	22	change_contenttype
88	Can delete content type	22	delete_contenttype
89	Can view content type	22	view_contenttype
90	Can add session	23	add_session
91	Can change session	23	change_session
92	Can delete session	23	delete_session
93	Can view session	23	view_session
94	Can add site	24	add_site
95	Can change site	24	change_site
96	Can delete site	24	delete_site
97	Can view site	24	view_site
98	Can add email address	25	add_emailaddress
99	Can change email address	25	change_emailaddress
100	Can delete email address	25	delete_emailaddress
101	Can view email address	25	view_emailaddress
102	Can add email confirmation	26	add_emailconfirmation
103	Can change email confirmation	26	change_emailconfirmation
104	Can delete email confirmation	26	delete_emailconfirmation
105	Can view email confirmation	26	view_emailconfirmation
106	Is extract service	6	is_extract
\.


--
-- Data for Name: auth_user; Type: TABLE DATA; Schema: public; Owner: geoshop
--

COPY public.auth_user (id, password, last_login, is_superuser, username, first_name, last_name, email, is_staff, is_active, date_joined) FROM stdin;
2	pbkdf2_sha256$390000$qFzHngU7YWrFWgq6q5QFxq$a85qhGvh3s5JJWbSIy4T4Lsm/2z0iBMPMPqezmKx+S4=	\N	f	external_provider				f	t	2024-08-15 15:44:52.417718+00
4	pbkdf2_sha256$390000$m38xVPkAzjcieLeUHXGKsF$Qr/w7Qduo+/UcQGozWch/RRWoz2P2cxd6c+FkUxBUYM=	\N	f	metadata_user				f	t	2024-08-16 06:08:02.463759+00
3	pbkdf2_sha256$390000$9ZKW8pdax00pdL6E5IQnD5$r867nSp1NDjwdr/CH3r+SmJEnPZWMJYhS+X5OJ8UsXo=	\N	f	demo_user_data				t	t	2024-08-15 15:49:47+00
1	pbkdf2_sha256$390000$zyVVl51vXIlbGKtWJy1L7s$22CskwEBfeAH5Cnv7e17O3RSFe04QUSt/eN6hn11Sd8=	2024-08-16 07:07:05.126531+00	t	admin				t	t	2024-08-15 15:44:42.992439+00
5	pbkdf2_sha256$390000$qEgowuuP5pKNRDimaRweVw$Qf4VXcG03ST3PmOGnjvKsCBYKUbDWHnnQnamP9Zhibc=	\N	f	fe_test_user			my@test.ch	f	t	2024-08-16 07:37:01+00
\.


--
-- Data for Name: auth_user_groups; Type: TABLE DATA; Schema: public; Owner: geoshop
--

COPY public.auth_user_groups (id, user_id, group_id) FROM stdin;
1	2	2
\.


--
-- Data for Name: auth_user_user_permissions; Type: TABLE DATA; Schema: public; Owner: geoshop
--

COPY public.auth_user_user_permissions (id, user_id, permission_id) FROM stdin;
\.


--
-- Data for Name: contact; Type: TABLE DATA; Schema: public; Owner: geoshop
--

COPY public.contact (id, first_name, last_name, email, street, street2, postcode, city, country, company_name, phone, belongs_to_id, sap_id, subscribed, is_active) FROM stdin;
1	metadata_contact	test									3	1	t	t
\.


--
-- Data for Name: copyright; Type: TABLE DATA; Schema: public; Owner: geoshop
--

COPY public.copyright (id, description) FROM stdin;
\.


--
-- Data for Name: data_format; Type: TABLE DATA; Schema: public; Owner: geoshop
--

COPY public.data_format (id, name) FROM stdin;
1	WMS
2	Raster
3	Json
\.


--
-- Data for Name: django_admin_log; Type: TABLE DATA; Schema: public; Owner: geoshop
--

COPY public.django_admin_log (id, action_time, object_id, object_repr, action_flag, change_message, content_type_id, user_id) FROM stdin;
1	2024-08-15 15:49:48.064498+00	3	demo_user_data	1	[{"added": {}}]	21	1
2	2024-08-15 15:50:38.332209+00	3	demo_user_data	2	[{"changed": {"name": "identity", "object": " DataOwner1", "fields": ["First_name"]}}]	21	1
3	2024-08-15 15:54:34.586333+00	1	WMS	1	[{"added": {}}]	2	1
4	2024-08-15 15:54:42.216498+00	2	Raster	1	[{"added": {}}]	2	1
5	2024-08-15 15:54:48.368627+00	3	Json	1	[{"added": {}}]	2	1
6	2024-08-15 15:56:32.775467+00	1	naturgefahrenkarte (naturgefahrenkarte&layers=WMS_Naturgefahrenkarte&bbox=2768000,1135000,2775000,1139000)	1	[{"added": {}}]	3	1
7	2024-08-15 16:08:10.188089+00	1	naturgefahrenkarte	1	[{"added": {}}]	5	1
8	2024-08-16 04:33:41.143116+00	4	TestTers test	1	[{"added": {}}]	4	1
9	2024-08-16 04:34:26.414774+00	4	TestTers test	3		4	1
10	2024-08-16 06:08:02.569187+00	4	metadata_user	1	[{"added": {}}]	21	1
11	2024-08-16 06:16:27.275213+00	2	gewässerschutzkarte	1	[{"added": {}}]	5	1
12	2024-08-16 06:18:29.07949+00	1	test metadata_contact	1	[{"added": {}}]	14	1
13	2024-08-16 06:19:10.17453+00	1	test metadata_contact	2	[{"changed": {"fields": ["Sap_id", "Subscribed"]}}]	14	1
14	2024-08-16 06:21:43.838593+00	3	demo_user_data	2	[{"changed": {"fields": ["Staff status"]}}, {"changed": {"name": "identity", "object": " DataOwner1", "fields": ["Subscribed"]}}]	21	1
15	2024-08-16 06:25:27.644868+00	1	None + None CHF de taxe	1	[{"added": {}}]	8	1
16	2024-08-16 06:25:33.990904+00	1	Naturgefahrenkarte	1	[{"added": {}}, {"added": {"name": "product_format", "object": "ProductFormat object (1)"}}, {"added": {"name": "product_format", "object": "ProductFormat object (2)"}}]	9	1
17	2024-08-16 06:27:13.294485+00	2	Gewässerschutzkarte	1	[{"added": {}}]	9	1
18	2024-08-16 07:34:32.202697+00	1	Naturgefahrenkarte	2	[{"changed": {"fields": ["Product_status", "Geom"]}}]	9	1
19	2024-08-16 07:37:59.155041+00	5	fe_test_user	2	[{"changed": {"fields": ["Active"]}}]	21	1
\.


--
-- Data for Name: django_content_type; Type: TABLE DATA; Schema: public; Owner: geoshop
--

COPY public.django_content_type (id, app_label, model) FROM stdin;
1	api	copyright
2	api	dataformat
3	api	document
4	api	identity
5	api	metadata
6	api	order
7	api	ordertype
8	api	pricing
9	api	product
10	api	userchange
11	api	productfield
12	api	orderitem
13	api	metadatacontact
14	api	contact
15	api	productformat
16	api	pricinggeometry
17	api	metadatacategoryech
18	admin	logentry
19	auth	permission
20	auth	group
21	auth	user
22	contenttypes	contenttype
23	sessions	session
24	sites	site
25	account	emailaddress
26	account	emailconfirmation
\.


--
-- Data for Name: django_migrations; Type: TABLE DATA; Schema: public; Owner: geoshop
--

COPY public.django_migrations (id, app, name, applied) FROM stdin;
1	contenttypes	0001_initial	2024-08-15 15:44:41.611985+00
2	auth	0001_initial	2024-08-15 15:44:41.83189+00
3	account	0001_initial	2024-08-15 15:44:41.921365+00
4	account	0002_email_max_length	2024-08-15 15:44:41.936887+00
5	admin	0001_initial	2024-08-15 15:44:41.983301+00
6	admin	0002_logentry_remove_auto_add	2024-08-15 15:44:41.992427+00
7	admin	0003_logentry_add_action_flag_choices	2024-08-15 15:44:42.000843+00
8	contenttypes	0002_remove_content_type_name	2024-08-15 15:44:42.017392+00
9	auth	0002_alter_permission_name_max_length	2024-08-15 15:44:42.036189+00
10	auth	0003_alter_user_email_max_length	2024-08-15 15:44:42.04779+00
11	auth	0004_alter_user_username_opts	2024-08-15 15:44:42.055452+00
12	auth	0005_alter_user_last_login_null	2024-08-15 15:44:42.066161+00
13	auth	0006_require_contenttypes_0002	2024-08-15 15:44:42.070314+00
14	auth	0007_alter_validators_add_error_messages	2024-08-15 15:44:42.080463+00
15	auth	0008_alter_user_username_max_length	2024-08-15 15:44:42.099987+00
16	auth	0009_alter_user_last_name_max_length	2024-08-15 15:44:42.111733+00
17	auth	0010_alter_group_name_max_length	2024-08-15 15:44:42.127865+00
18	auth	0011_update_proxy_permissions	2024-08-15 15:44:42.148617+00
19	api	0001_initial	2024-08-15 15:44:42.953581+00
20	api	0002_auto_20200731_0904	2024-08-15 15:44:43.194036+00
21	api	0003_auto_20200731_1203	2024-08-15 15:44:43.326068+00
22	api	0004_auto_20200731_1339	2024-08-15 15:44:43.398961+00
23	api	0005_auto_20200803_1706	2024-08-15 15:44:43.498466+00
24	api	0006_auto_20200805_0843	2024-08-15 15:44:43.649669+00
25	api	0007_auto_20200805_1138	2024-08-15 15:44:43.705928+00
26	api	0008_orderitem_extract_result	2024-08-15 15:44:43.759931+00
27	api	0009_auto_20200811_1645	2024-08-15 15:44:43.933482+00
28	api	0010_auto_20200814_1212	2024-08-15 15:44:44.223564+00
29	api	0011_auto_20200814_1559	2024-08-15 15:44:44.357292+00
30	api	0012_auto_20201005_1620	2024-08-15 15:44:44.41089+00
31	api	0013_auto_20201009_1513	2024-08-15 15:44:44.480186+00
32	api	0014_auto_20201014_1549	2024-08-15 15:44:44.541745+00
33	api	0015_product_free_when_subscribed	2024-08-15 15:44:44.59731+00
34	api	0016_contact_subscribed	2024-08-15 15:44:44.727369+00
35	api	0017_auto_20201209_0807	2024-08-15 15:44:44.795608+00
36	api	0018_orderitem_status	2024-08-15 15:44:44.826672+00
37	api	0019_auto_20201218_0902	2024-08-15 15:44:44.941541+00
38	api	0020_auto_20210108_1749	2024-08-15 15:44:45.042657+00
39	api	0021_auto_20210115_1547	2024-08-15 15:44:45.180581+00
40	api	0022_auto_20210129_1804	2024-08-15 15:44:45.255456+00
41	api	0023_auto_20210224_1542	2024-08-15 15:44:45.306767+00
42	api	0024_auto_20210226_0950	2024-08-15 15:44:46.094196+00
43	api	0025_metadata_datasource	2024-08-15 15:44:46.130628+00
44	api	0026_auto_20210409_1428	2024-08-15 15:44:46.221593+00
45	api	0027_order_email_deliver	2024-08-15 15:44:46.251478+00
46	api	0028_auto_20210510_1528	2024-08-15 15:44:46.274891+00
47	api	0029_auto_20210604_1417	2024-08-15 15:44:46.384185+00
48	api	0030_auto_20210707_1357	2024-08-15 15:44:46.46911+00
49	api	0031_product_geom	2024-08-15 15:44:46.50462+00
50	api	0032_auto_20211221_1223	2024-08-15 15:44:46.613918+00
51	api	0033_auto_20211221_1431	2024-08-15 15:44:46.908641+00
52	api	0034_alter_product_label	2024-08-15 15:44:46.957394+00
53	api	0035_auto_20220103_1630	2024-08-15 15:44:47.09218+00
54	api	0036_orderitem_validation_date	2024-08-15 15:44:47.140083+00
55	api	0037_alter_product_metadata	2024-08-15 15:44:47.305549+00
56	api	0038_metadatacontact_is_validator	2024-08-15 15:44:47.352141+00
57	api	0039_alter_product_geom	2024-08-15 15:44:47.445597+00
58	api	0040_alter_product_provider	2024-08-15 15:44:47.555856+00
59	api	0041_alter_metadata_accessibility	2024-08-15 15:44:47.621606+00
60	api	0042_auto_20220727_1327	2024-08-15 15:44:48.461363+00
61	api	0043_auto_20220727_1337	2024-08-15 15:44:48.51062+00
62	api	0044_metadata_geoportal_link_metadata_wms_link_and_more	2024-08-15 15:44:49.014987+00
63	api	0045_alter_metadata_data_last_update_date_and_more	2024-08-15 15:44:49.147242+00
64	api	0046_alter_metadata_options	2024-08-15 15:44:49.197618+00
65	api	0047_alter_document_link_and_more	2024-08-15 15:44:49.562092+00
66	api	0048_remove_order_status_remove_product_status_and_more	2024-08-15 15:44:49.627089+00
67	auth	0012_alter_user_first_name_max_length	2024-08-15 15:44:49.673009+00
68	sessions	0001_initial	2024-08-15 15:44:49.728778+00
69	sites	0001_initial	2024-08-15 15:44:49.753034+00
70	sites	0002_alter_domain_unique	2024-08-15 15:44:49.78771+00
\.


--
-- Data for Name: django_session; Type: TABLE DATA; Schema: public; Owner: geoshop
--

COPY public.django_session (session_key, session_data, expire_date) FROM stdin;
ixprh7hfotmaheyjlk6z1zoyr8d4sc2f	.eJxVjMEOwiAQRP-FsyGyhYIevfcbyLK7SNXQpLQn47_bJj3obTLvzbxVxHUpcW0yx5HVVRl1-u0S0lPqDviB9T5pmuoyj0nvij5o08PE8rod7t9BwVa29YUA0Ihlb40FCBlQzuTBetpCoh57y44Fk5Ah6JzLCBlcCh2k4I36fAHuDzhD:1ser3B:UMfJ3l-4ElnGMJ6QlQbRyCv5_DcCPyQ9SJAyi9Jyk28	2024-08-30 07:07:05.130268+00
\.


--
-- Data for Name: django_site; Type: TABLE DATA; Schema: public; Owner: geoshop
--

COPY public.django_site (id, domain, name) FROM stdin;
2	example.com	example.com
\.


--
-- Data for Name: document; Type: TABLE DATA; Schema: public; Owner: geoshop
--

COPY public.document (id, name, link) FROM stdin;
1	naturgefahrenkarte	https://katalog.geo.gr.ch/geoviewer/geoviewer.php?url=wms.geo.gr.ch/naturgefahrenkarte&layers=WMS_Naturgefahrenkarte&bbox=2768000,1135000,2775000,1139000
\.


--
-- Data for Name: identity; Type: TABLE DATA; Schema: public; Owner: geoshop
--

COPY public.identity (id, first_name, last_name, email, street, street2, postcode, city, country, company_name, phone, sap_id, ide_id, contract_accepted, birthday, is_public, subscribed, user_id) FROM stdin;
1											\N	\N	\N	\N	f	f	1
2											\N	\N	\N	\N	f	f	2
5											\N	\N	\N	\N	f	f	4
3	DataOwner1										\N	\N	\N	\N	f	t	3
6	fe-test	testes	my@test.ch	coucou		3000	Bern	Suisse		0791234567	\N		\N	\N	f	f	5
\.


--
-- Data for Name: metadata; Type: TABLE DATA; Schema: public; Owner: geoshop
--

COPY public.metadata (id, id_name, name, description_long, scale, geocat_link, legend_link, image_link, modified_date, copyright_id, modified_user_id, datasource, accessibility, data_last_update_date, genealogy, update_frequency, ech_category_id, geoportal_link, wms_link) FROM stdin;
1	naturgefahrenkarte	Naturgefahrenkarte				https://wms.geo.gr.ch/naturgefahrenkarte?version=1.3.0&service=WMS&request=GetLegendGraphic&LAYERTITLE=FALSE&Itemfontsize=10&sld_version=1.1.0&layer=Erfassungsbereiche_&format=image/png&STYLE=default&TRANSPARENT=true	https://www.gr.ch/DE/institutionen/verwaltung/diem/awn/PublishingImages/4_2_0_1_gk.jpg	2024-08-15 16:08:10.184438+00	\N	1	\N	PUBLIC	2024-08-15			11	https://wms.geo.gr.ch/naturgefahrenkarte	https://wms.geo.gr.ch/naturgefahrenkarte
2	gewässerschutzkarte	Gewässerschutzkarte	Die Gewässerschutzkarte enthält die rechtsgültigen Informationen über die Gewässerschutzbereiche, Grundwasserschutzzonen, Standorte der Quellen und Grundwasserfassungen.		https://katalog.geo.gr.ch/gis-tools/gdds/inventar/detailinventar.php	https://katalog.geo.gr.ch/gis-tools/gdds/inventar/showImageFromBlob.php?sesid=am6ho6hlnoh6eujm7dg81u9r73&table=geodaten&id=1	default_metadata_image.png	2024-08-16 06:16:27.271791+00	\N	1	http://map.geo.gr.ch/geoviewer/geoviewer.php?url=wms.geo.gr.ch/gewaesserschutz&layers=WMS_Gewaesserschutz&bbox=768000,135000,775000,139000	PUBLIC	\N			14	https://edit.geo.gr.ch/theme/Gewaesserschutz?lang=en&tree_groups=Gewaesserschutz.Basisinfo%2CGewaesserschutz.Grundwasserfassungen_und_Quellen_%2CGewaesserschutz.Grundwasserschutzzonen%2CGewaesserschutz.Gewaesserschutzbereiche%2CGewaesserschutz.Karstgebiete%2CGewaesserschutz.Amtliche_Vermessung&tree_group_layers_Gewaesserschutz.Basisinfo=Gewaesserschutz.Ortschaften&tree_group_layers_Gewaesserschutz.Grundwasserfassungen_und_Quellen_=Gewaesserschutz.Grundwasserfassungen_und_Quellen&tree_group_layers_Gewaesserschutz.Grundwasserschutzzonen=Gewaesserschutz.Grundwasserschutzzonen_rechtskraeftig%2CGewaesserschutz.Grundwasserschutzzonen_provisorisch%2CGewaesserschutz.Grundwasserschutzareal_rechtskraeftig%2CGewaesserschutz.Grundwasserschutzareal_provisorisch&tree_group_layers_Gewaesserschutz.Gewaesserschutzbereiche=Gewaesserschutz.Gewaesserschutzbereich_Ao%2CGewaesserschutz.Gewaesserschutzbereich_Au&tree_group_layers_Gewaesserschutz.Karstgebiete=Gewaesserschutz.Karst&tree_group_layers_Gewaesserschutz.Amtliche_Vermessung=Gewaesserschutz.Grundstuecksnummer%2CGewaesserschutz.Liegenschaften&baselayer_ref=blank&map_x=2758624&map_y=1167415&map_zoom=3	https://edit.geo.gr.ch/mapserv_proxy?ogcserver=Kanton+Graub%C3%BCnden%2C+Gewaesserschutzkarte&cache_version=285c6863f32142fb8be42c867bcb0c96&FORMAT=image%2Fpng&TRANSPARENT=true&SERVICE=WMS&VERSION=1.1.1&REQUEST=GetLegendGraphic&LAYERTITLE=FALSE&Itemfontsize=10&LAYER=Gewaesserschutzbereich_Au&SCALE=99999.79999999997
\.


--
-- Data for Name: metadata_category_ech; Type: TABLE DATA; Schema: public; Owner: geoshop
--

COPY public.metadata_category_ech (id, notation, description_fr) FROM stdin;
1	A1	Cartes de référence, modèles du territoire
2	A2	Couverture et utilisation du sol
3	A3	Images aériennes et satellitaires
4	B	Localisation, systèmes de référence
5	C	Altimétrie
6	D	Limites politiques et administratives
7	E1	Développement territorial
8	E2	Cadastre foncier
9	F1	Géologie
10	F2	Sols
11	F3	Dangers naturels
12	G	Forêt, flore, faune
13	H	Océans
14	I	Hydrographie
15	K	Atmosphère, climatologie
16	L1	Protection de l'environnement, bruit
17	L2	Protection de la nature et du paysage
18	M	Population, société, culture
19	N	Santé
20	O	Edifices, infrastructures, ouvrages
21	P	Transport
22	Q1	Energie
23	Q2	Systèmes des eaux et des déchets
24	Q3	Communication
25	R	Armée, sécurité
26	S	Agriculture
27	T	Activités économiques
\.


--
-- Data for Name: metadata_contact_persons; Type: TABLE DATA; Schema: public; Owner: geoshop
--

COPY public.metadata_contact_persons (id, metadata_role, contact_person_id, metadata_id, is_validator) FROM stdin;
\.


--
-- Data for Name: metadata_documents; Type: TABLE DATA; Schema: public; Owner: geoshop
--

COPY public.metadata_documents (id, metadata_id, document_id) FROM stdin;
\.


--
-- Data for Name: order; Type: TABLE DATA; Schema: public; Owner: geoshop
--

COPY public."order" (id, title, description, processing_fee_currency, processing_fee, total_without_vat_currency, total_without_vat, part_vat_currency, part_vat, total_with_vat_currency, total_with_vat, geom, invoice_reference, order_status, date_ordered, date_downloaded, date_processed, client_id, invoice_contact_id, order_type_id, extract_result, download_guid, email_deliver) FROM stdin;
1	test	bla bla bla	CHF	\N	CHF	\N	CHF	\N	CHF	\N	0103000020080800000100000005000000CC896CD75C00454121C82435A70E3241C14925E6AB01454121C82435A70E3241C14925E6AB01454121C82435FF103241CC896CD75C00454121C82435FF103241CC896CD75C00454121C82435A70E3241		PROCESSED	2024-08-16 07:54:13.193148+00	\N	2024-08-16 07:54:16.568816+00	5	\N	2	extract/2024/8/9cd7c693-1.zip	36b4ba3f-abb6-447e-bb42-c302cc762d23	
\.


--
-- Data for Name: order_item; Type: TABLE DATA; Schema: public; Owner: geoshop
--

COPY public.order_item (id, last_download, price_status, _price_currency, _price, _base_fee_currency, _base_fee, data_format_id, order_id, product_id, extract_result, srid, status, comment, token, validation_date) FROM stdin;
1	\N	CALCULATED	CHF	0.00	CHF	\N	1	1	1	extract/2024/8/2f0b48cb-1_Naturgefahrenkarte.json	2056	PROCESSED		\N	\N
\.


--
-- Data for Name: order_type; Type: TABLE DATA; Schema: public; Owner: geoshop
--

COPY public.order_type (id, name) FROM stdin;
1	Utilisateur permanent
2	test_type1
3	test_type2
\.


--
-- Data for Name: pricing; Type: TABLE DATA; Schema: public; Owner: geoshop
--

COPY public.pricing (id, name, pricing_type, base_fee_currency, base_fee, min_price_currency, min_price, max_price_currency, max_price, unit_price_currency, unit_price) FROM stdin;
1	\N	FREE	CHF	\N	CHF	\N	CHF	\N	CHF	\N
\.


--
-- Data for Name: pricing_layer; Type: TABLE DATA; Schema: public; Owner: geoshop
--

COPY public.pricing_layer (id, name, unit_price_currency, unit_price, geom, pricing_id) FROM stdin;
\.


--
-- Data for Name: product; Type: TABLE DATA; Schema: public; Owner: geoshop
--

COPY public.product (id, label, product_status, "order", ts, group_id, metadata_id, pricing_id, thumbnail_link, provider_id, free_when_subscribed, geom) FROM stdin;
2	Gewässerschutzkarte	PUBLISHED	2	\N	\N	2	1	default_product_thumbnail.png	2	f	01060000200808000001000000010300000001000000050000001C1FC919CB944541306C18DBB66730412374C619CB944541FCA7145241D53341966BA5C606F54241F3B21B5241D533419BF2A6C606F542412A341EDBB66730411C1FC919CB944541306C18DBB6673041
1	Naturgefahrenkarte	PUBLISHED	1	\N	\N	1	1	default_product_thumbnail.png	2	f	01060000200808000001000000010300000001000000050000005FD6E219CB944541856D5BDBB66730415E80DD19CB944541A8CD5C5241D5334169B0B3C606F542419AE36A5241D5334173BEB6C606F542418CFD66DBB66730415FD6E219CB944541856D5BDBB6673041
\.


--
-- Data for Name: product_field; Type: TABLE DATA; Schema: public; Owner: geoshop
--

COPY public.product_field (id, db_name, export_name, field_type, field_length, product_id) FROM stdin;
\.


--
-- Data for Name: product_format; Type: TABLE DATA; Schema: public; Owner: geoshop
--

COPY public.product_format (id, is_manual, data_format_id, product_id) FROM stdin;
1	f	1	1
2	f	3	1
\.


--
-- Data for Name: spatial_ref_sys; Type: TABLE DATA; Schema: public; Owner: geoshop
--

COPY public.spatial_ref_sys (srid, auth_name, auth_srid, srtext, proj4text) FROM stdin;
\.


--
-- Data for Name: user_change; Type: TABLE DATA; Schema: public; Owner: geoshop
--

COPY public.user_change (id, first_name, last_name, email, street, street2, postcode, city, country, company_name, ide_id, phone, client_id) FROM stdin;
\.


--
-- Name: account_emailaddress_id_seq; Type: SEQUENCE SET; Schema: public; Owner: geoshop
--

SELECT pg_catalog.setval('public.account_emailaddress_id_seq', 1, false);


--
-- Name: account_emailconfirmation_id_seq; Type: SEQUENCE SET; Schema: public; Owner: geoshop
--

SELECT pg_catalog.setval('public.account_emailconfirmation_id_seq', 1, false);


--
-- Name: auth_group_id_seq; Type: SEQUENCE SET; Schema: public; Owner: geoshop
--

SELECT pg_catalog.setval('public.auth_group_id_seq', 2, true);


--
-- Name: auth_group_permissions_id_seq; Type: SEQUENCE SET; Schema: public; Owner: geoshop
--

SELECT pg_catalog.setval('public.auth_group_permissions_id_seq', 2, true);


--
-- Name: auth_permission_id_seq; Type: SEQUENCE SET; Schema: public; Owner: geoshop
--

SELECT pg_catalog.setval('public.auth_permission_id_seq', 106, true);


--
-- Name: auth_user_groups_id_seq; Type: SEQUENCE SET; Schema: public; Owner: geoshop
--

SELECT pg_catalog.setval('public.auth_user_groups_id_seq', 1, true);


--
-- Name: auth_user_id_seq; Type: SEQUENCE SET; Schema: public; Owner: geoshop
--

SELECT pg_catalog.setval('public.auth_user_id_seq', 5, true);


--
-- Name: auth_user_user_permissions_id_seq; Type: SEQUENCE SET; Schema: public; Owner: geoshop
--

SELECT pg_catalog.setval('public.auth_user_user_permissions_id_seq', 1, false);


--
-- Name: contact_id_seq; Type: SEQUENCE SET; Schema: public; Owner: geoshop
--

SELECT pg_catalog.setval('public.contact_id_seq', 1, true);


--
-- Name: copyright_id_seq; Type: SEQUENCE SET; Schema: public; Owner: geoshop
--

SELECT pg_catalog.setval('public.copyright_id_seq', 1, false);


--
-- Name: data_format_id_seq; Type: SEQUENCE SET; Schema: public; Owner: geoshop
--

SELECT pg_catalog.setval('public.data_format_id_seq', 3, true);


--
-- Name: django_admin_log_id_seq; Type: SEQUENCE SET; Schema: public; Owner: geoshop
--

SELECT pg_catalog.setval('public.django_admin_log_id_seq', 19, true);


--
-- Name: django_content_type_id_seq; Type: SEQUENCE SET; Schema: public; Owner: geoshop
--

SELECT pg_catalog.setval('public.django_content_type_id_seq', 26, true);


--
-- Name: django_migrations_id_seq; Type: SEQUENCE SET; Schema: public; Owner: geoshop
--

SELECT pg_catalog.setval('public.django_migrations_id_seq', 70, true);


--
-- Name: django_site_id_seq; Type: SEQUENCE SET; Schema: public; Owner: geoshop
--

SELECT pg_catalog.setval('public.django_site_id_seq', 2, true);


--
-- Name: document_id_seq; Type: SEQUENCE SET; Schema: public; Owner: geoshop
--

SELECT pg_catalog.setval('public.document_id_seq', 1, true);


--
-- Name: identity_id_seq; Type: SEQUENCE SET; Schema: public; Owner: geoshop
--

SELECT pg_catalog.setval('public.identity_id_seq', 6, true);


--
-- Name: metadata_category_ech_id_seq; Type: SEQUENCE SET; Schema: public; Owner: geoshop
--

SELECT pg_catalog.setval('public.metadata_category_ech_id_seq', 27, true);


--
-- Name: metadata_contact_persons_id_seq; Type: SEQUENCE SET; Schema: public; Owner: geoshop
--

SELECT pg_catalog.setval('public.metadata_contact_persons_id_seq', 1, false);


--
-- Name: metadata_documents_id_seq; Type: SEQUENCE SET; Schema: public; Owner: geoshop
--

SELECT pg_catalog.setval('public.metadata_documents_id_seq', 1, false);


--
-- Name: metadata_id_seq; Type: SEQUENCE SET; Schema: public; Owner: geoshop
--

SELECT pg_catalog.setval('public.metadata_id_seq', 2, true);


--
-- Name: order_id_seq; Type: SEQUENCE SET; Schema: public; Owner: geoshop
--

SELECT pg_catalog.setval('public.order_id_seq', 1, true);


--
-- Name: order_item_id_seq; Type: SEQUENCE SET; Schema: public; Owner: geoshop
--

SELECT pg_catalog.setval('public.order_item_id_seq', 1, true);


--
-- Name: order_type_id_seq; Type: SEQUENCE SET; Schema: public; Owner: geoshop
--

SELECT pg_catalog.setval('public.order_type_id_seq', 3, true);


--
-- Name: pricing_id_seq; Type: SEQUENCE SET; Schema: public; Owner: geoshop
--

SELECT pg_catalog.setval('public.pricing_id_seq', 1, true);


--
-- Name: pricing_layer_id_seq; Type: SEQUENCE SET; Schema: public; Owner: geoshop
--

SELECT pg_catalog.setval('public.pricing_layer_id_seq', 1, false);


--
-- Name: product_field_id_seq; Type: SEQUENCE SET; Schema: public; Owner: geoshop
--

SELECT pg_catalog.setval('public.product_field_id_seq', 1, false);


--
-- Name: product_format_id_seq; Type: SEQUENCE SET; Schema: public; Owner: geoshop
--

SELECT pg_catalog.setval('public.product_format_id_seq', 2, true);


--
-- Name: product_id_seq; Type: SEQUENCE SET; Schema: public; Owner: geoshop
--

SELECT pg_catalog.setval('public.product_id_seq', 2, true);


--
-- Name: user_change_id_seq; Type: SEQUENCE SET; Schema: public; Owner: geoshop
--

SELECT pg_catalog.setval('public.user_change_id_seq', 1, false);


--
-- Name: account_emailaddress account_emailaddress_email_key; Type: CONSTRAINT; Schema: public; Owner: geoshop
--

ALTER TABLE ONLY public.account_emailaddress
    ADD CONSTRAINT account_emailaddress_email_key UNIQUE (email);


--
-- Name: account_emailaddress account_emailaddress_pkey; Type: CONSTRAINT; Schema: public; Owner: geoshop
--

ALTER TABLE ONLY public.account_emailaddress
    ADD CONSTRAINT account_emailaddress_pkey PRIMARY KEY (id);


--
-- Name: account_emailconfirmation account_emailconfirmation_key_key; Type: CONSTRAINT; Schema: public; Owner: geoshop
--

ALTER TABLE ONLY public.account_emailconfirmation
    ADD CONSTRAINT account_emailconfirmation_key_key UNIQUE (key);


--
-- Name: account_emailconfirmation account_emailconfirmation_pkey; Type: CONSTRAINT; Schema: public; Owner: geoshop
--

ALTER TABLE ONLY public.account_emailconfirmation
    ADD CONSTRAINT account_emailconfirmation_pkey PRIMARY KEY (id);


--
-- Name: auth_group auth_group_name_key; Type: CONSTRAINT; Schema: public; Owner: geoshop
--

ALTER TABLE ONLY public.auth_group
    ADD CONSTRAINT auth_group_name_key UNIQUE (name);


--
-- Name: auth_group_permissions auth_group_permissions_group_id_permission_id_0cd325b0_uniq; Type: CONSTRAINT; Schema: public; Owner: geoshop
--

ALTER TABLE ONLY public.auth_group_permissions
    ADD CONSTRAINT auth_group_permissions_group_id_permission_id_0cd325b0_uniq UNIQUE (group_id, permission_id);


--
-- Name: auth_group_permissions auth_group_permissions_pkey; Type: CONSTRAINT; Schema: public; Owner: geoshop
--

ALTER TABLE ONLY public.auth_group_permissions
    ADD CONSTRAINT auth_group_permissions_pkey PRIMARY KEY (id);


--
-- Name: auth_group auth_group_pkey; Type: CONSTRAINT; Schema: public; Owner: geoshop
--

ALTER TABLE ONLY public.auth_group
    ADD CONSTRAINT auth_group_pkey PRIMARY KEY (id);


--
-- Name: auth_permission auth_permission_content_type_id_codename_01ab375a_uniq; Type: CONSTRAINT; Schema: public; Owner: geoshop
--

ALTER TABLE ONLY public.auth_permission
    ADD CONSTRAINT auth_permission_content_type_id_codename_01ab375a_uniq UNIQUE (content_type_id, codename);


--
-- Name: auth_permission auth_permission_pkey; Type: CONSTRAINT; Schema: public; Owner: geoshop
--

ALTER TABLE ONLY public.auth_permission
    ADD CONSTRAINT auth_permission_pkey PRIMARY KEY (id);


--
-- Name: auth_user_groups auth_user_groups_pkey; Type: CONSTRAINT; Schema: public; Owner: geoshop
--

ALTER TABLE ONLY public.auth_user_groups
    ADD CONSTRAINT auth_user_groups_pkey PRIMARY KEY (id);


--
-- Name: auth_user_groups auth_user_groups_user_id_group_id_94350c0c_uniq; Type: CONSTRAINT; Schema: public; Owner: geoshop
--

ALTER TABLE ONLY public.auth_user_groups
    ADD CONSTRAINT auth_user_groups_user_id_group_id_94350c0c_uniq UNIQUE (user_id, group_id);


--
-- Name: auth_user auth_user_pkey; Type: CONSTRAINT; Schema: public; Owner: geoshop
--

ALTER TABLE ONLY public.auth_user
    ADD CONSTRAINT auth_user_pkey PRIMARY KEY (id);


--
-- Name: auth_user_user_permissions auth_user_user_permissions_pkey; Type: CONSTRAINT; Schema: public; Owner: geoshop
--

ALTER TABLE ONLY public.auth_user_user_permissions
    ADD CONSTRAINT auth_user_user_permissions_pkey PRIMARY KEY (id);


--
-- Name: auth_user_user_permissions auth_user_user_permissions_user_id_permission_id_14a6b632_uniq; Type: CONSTRAINT; Schema: public; Owner: geoshop
--

ALTER TABLE ONLY public.auth_user_user_permissions
    ADD CONSTRAINT auth_user_user_permissions_user_id_permission_id_14a6b632_uniq UNIQUE (user_id, permission_id);


--
-- Name: auth_user auth_user_username_key; Type: CONSTRAINT; Schema: public; Owner: geoshop
--

ALTER TABLE ONLY public.auth_user
    ADD CONSTRAINT auth_user_username_key UNIQUE (username);


--
-- Name: contact contact_pkey; Type: CONSTRAINT; Schema: public; Owner: geoshop
--

ALTER TABLE ONLY public.contact
    ADD CONSTRAINT contact_pkey PRIMARY KEY (id);


--
-- Name: copyright copyright_pkey; Type: CONSTRAINT; Schema: public; Owner: geoshop
--

ALTER TABLE ONLY public.copyright
    ADD CONSTRAINT copyright_pkey PRIMARY KEY (id);


--
-- Name: data_format data_format_pkey; Type: CONSTRAINT; Schema: public; Owner: geoshop
--

ALTER TABLE ONLY public.data_format
    ADD CONSTRAINT data_format_pkey PRIMARY KEY (id);


--
-- Name: django_admin_log django_admin_log_pkey; Type: CONSTRAINT; Schema: public; Owner: geoshop
--

ALTER TABLE ONLY public.django_admin_log
    ADD CONSTRAINT django_admin_log_pkey PRIMARY KEY (id);


--
-- Name: django_content_type django_content_type_app_label_model_76bd3d3b_uniq; Type: CONSTRAINT; Schema: public; Owner: geoshop
--

ALTER TABLE ONLY public.django_content_type
    ADD CONSTRAINT django_content_type_app_label_model_76bd3d3b_uniq UNIQUE (app_label, model);


--
-- Name: django_content_type django_content_type_pkey; Type: CONSTRAINT; Schema: public; Owner: geoshop
--

ALTER TABLE ONLY public.django_content_type
    ADD CONSTRAINT django_content_type_pkey PRIMARY KEY (id);


--
-- Name: django_migrations django_migrations_pkey; Type: CONSTRAINT; Schema: public; Owner: geoshop
--

ALTER TABLE ONLY public.django_migrations
    ADD CONSTRAINT django_migrations_pkey PRIMARY KEY (id);


--
-- Name: django_session django_session_pkey; Type: CONSTRAINT; Schema: public; Owner: geoshop
--

ALTER TABLE ONLY public.django_session
    ADD CONSTRAINT django_session_pkey PRIMARY KEY (session_key);


--
-- Name: django_site django_site_domain_a2e37b91_uniq; Type: CONSTRAINT; Schema: public; Owner: geoshop
--

ALTER TABLE ONLY public.django_site
    ADD CONSTRAINT django_site_domain_a2e37b91_uniq UNIQUE (domain);


--
-- Name: django_site django_site_pkey; Type: CONSTRAINT; Schema: public; Owner: geoshop
--

ALTER TABLE ONLY public.django_site
    ADD CONSTRAINT django_site_pkey PRIMARY KEY (id);


--
-- Name: document document_pkey; Type: CONSTRAINT; Schema: public; Owner: geoshop
--

ALTER TABLE ONLY public.document
    ADD CONSTRAINT document_pkey PRIMARY KEY (id);


--
-- Name: identity identity_pkey; Type: CONSTRAINT; Schema: public; Owner: geoshop
--

ALTER TABLE ONLY public.identity
    ADD CONSTRAINT identity_pkey PRIMARY KEY (id);


--
-- Name: identity identity_user_id_key; Type: CONSTRAINT; Schema: public; Owner: geoshop
--

ALTER TABLE ONLY public.identity
    ADD CONSTRAINT identity_user_id_key UNIQUE (user_id);


--
-- Name: metadata_category_ech metadata_category_ech_notation_key; Type: CONSTRAINT; Schema: public; Owner: geoshop
--

ALTER TABLE ONLY public.metadata_category_ech
    ADD CONSTRAINT metadata_category_ech_notation_key UNIQUE (notation);


--
-- Name: metadata_category_ech metadata_category_ech_pkey; Type: CONSTRAINT; Schema: public; Owner: geoshop
--

ALTER TABLE ONLY public.metadata_category_ech
    ADD CONSTRAINT metadata_category_ech_pkey PRIMARY KEY (id);


--
-- Name: metadata_contact_persons metadata_contact_persons_pkey; Type: CONSTRAINT; Schema: public; Owner: geoshop
--

ALTER TABLE ONLY public.metadata_contact_persons
    ADD CONSTRAINT metadata_contact_persons_pkey PRIMARY KEY (id);


--
-- Name: metadata_documents metadata_documents_metadata_id_document_id_129e4940_uniq; Type: CONSTRAINT; Schema: public; Owner: geoshop
--

ALTER TABLE ONLY public.metadata_documents
    ADD CONSTRAINT metadata_documents_metadata_id_document_id_129e4940_uniq UNIQUE (metadata_id, document_id);


--
-- Name: metadata_documents metadata_documents_pkey; Type: CONSTRAINT; Schema: public; Owner: geoshop
--

ALTER TABLE ONLY public.metadata_documents
    ADD CONSTRAINT metadata_documents_pkey PRIMARY KEY (id);


--
-- Name: metadata metadata_id_name_key; Type: CONSTRAINT; Schema: public; Owner: geoshop
--

ALTER TABLE ONLY public.metadata
    ADD CONSTRAINT metadata_id_name_key UNIQUE (id_name);


--
-- Name: metadata metadata_pkey; Type: CONSTRAINT; Schema: public; Owner: geoshop
--

ALTER TABLE ONLY public.metadata
    ADD CONSTRAINT metadata_pkey PRIMARY KEY (id);


--
-- Name: order_item order_item_pkey; Type: CONSTRAINT; Schema: public; Owner: geoshop
--

ALTER TABLE ONLY public.order_item
    ADD CONSTRAINT order_item_pkey PRIMARY KEY (id);


--
-- Name: order order_pkey; Type: CONSTRAINT; Schema: public; Owner: geoshop
--

ALTER TABLE ONLY public."order"
    ADD CONSTRAINT order_pkey PRIMARY KEY (id);


--
-- Name: order_type order_type_pkey; Type: CONSTRAINT; Schema: public; Owner: geoshop
--

ALTER TABLE ONLY public.order_type
    ADD CONSTRAINT order_type_pkey PRIMARY KEY (id);


--
-- Name: pricing_layer pricing_layer_pkey; Type: CONSTRAINT; Schema: public; Owner: geoshop
--

ALTER TABLE ONLY public.pricing_layer
    ADD CONSTRAINT pricing_layer_pkey PRIMARY KEY (id);


--
-- Name: pricing pricing_pkey; Type: CONSTRAINT; Schema: public; Owner: geoshop
--

ALTER TABLE ONLY public.pricing
    ADD CONSTRAINT pricing_pkey PRIMARY KEY (id);


--
-- Name: product_field product_field_pkey; Type: CONSTRAINT; Schema: public; Owner: geoshop
--

ALTER TABLE ONLY public.product_field
    ADD CONSTRAINT product_field_pkey PRIMARY KEY (id);


--
-- Name: product_format product_format_pkey; Type: CONSTRAINT; Schema: public; Owner: geoshop
--

ALTER TABLE ONLY public.product_format
    ADD CONSTRAINT product_format_pkey PRIMARY KEY (id);


--
-- Name: product_format product_format_product_id_data_format_id_1db2d936_uniq; Type: CONSTRAINT; Schema: public; Owner: geoshop
--

ALTER TABLE ONLY public.product_format
    ADD CONSTRAINT product_format_product_id_data_format_id_1db2d936_uniq UNIQUE (product_id, data_format_id);


--
-- Name: product product_label_221e8af1_uniq; Type: CONSTRAINT; Schema: public; Owner: geoshop
--

ALTER TABLE ONLY public.product
    ADD CONSTRAINT product_label_221e8af1_uniq UNIQUE (label);


--
-- Name: product product_pkey; Type: CONSTRAINT; Schema: public; Owner: geoshop
--

ALTER TABLE ONLY public.product
    ADD CONSTRAINT product_pkey PRIMARY KEY (id);


--
-- Name: user_change user_change_pkey; Type: CONSTRAINT; Schema: public; Owner: geoshop
--

ALTER TABLE ONLY public.user_change
    ADD CONSTRAINT user_change_pkey PRIMARY KEY (id);


--
-- Name: account_emailaddress_email_03be32b2_like; Type: INDEX; Schema: public; Owner: geoshop
--

CREATE INDEX account_emailaddress_email_03be32b2_like ON public.account_emailaddress USING btree (email varchar_pattern_ops);


--
-- Name: account_emailaddress_user_id_2c513194; Type: INDEX; Schema: public; Owner: geoshop
--

CREATE INDEX account_emailaddress_user_id_2c513194 ON public.account_emailaddress USING btree (user_id);


--
-- Name: account_emailconfirmation_email_address_id_5b7f8c58; Type: INDEX; Schema: public; Owner: geoshop
--

CREATE INDEX account_emailconfirmation_email_address_id_5b7f8c58 ON public.account_emailconfirmation USING btree (email_address_id);


--
-- Name: account_emailconfirmation_key_f43612bd_like; Type: INDEX; Schema: public; Owner: geoshop
--

CREATE INDEX account_emailconfirmation_key_f43612bd_like ON public.account_emailconfirmation USING btree (key varchar_pattern_ops);


--
-- Name: auth_group_name_a6ea08ec_like; Type: INDEX; Schema: public; Owner: geoshop
--

CREATE INDEX auth_group_name_a6ea08ec_like ON public.auth_group USING btree (name varchar_pattern_ops);


--
-- Name: auth_group_permissions_group_id_b120cbf9; Type: INDEX; Schema: public; Owner: geoshop
--

CREATE INDEX auth_group_permissions_group_id_b120cbf9 ON public.auth_group_permissions USING btree (group_id);


--
-- Name: auth_group_permissions_permission_id_84c5c92e; Type: INDEX; Schema: public; Owner: geoshop
--

CREATE INDEX auth_group_permissions_permission_id_84c5c92e ON public.auth_group_permissions USING btree (permission_id);


--
-- Name: auth_permission_content_type_id_2f476e4b; Type: INDEX; Schema: public; Owner: geoshop
--

CREATE INDEX auth_permission_content_type_id_2f476e4b ON public.auth_permission USING btree (content_type_id);


--
-- Name: auth_user_groups_group_id_97559544; Type: INDEX; Schema: public; Owner: geoshop
--

CREATE INDEX auth_user_groups_group_id_97559544 ON public.auth_user_groups USING btree (group_id);


--
-- Name: auth_user_groups_user_id_6a12ed8b; Type: INDEX; Schema: public; Owner: geoshop
--

CREATE INDEX auth_user_groups_user_id_6a12ed8b ON public.auth_user_groups USING btree (user_id);


--
-- Name: auth_user_user_permissions_permission_id_1fbb5f2c; Type: INDEX; Schema: public; Owner: geoshop
--

CREATE INDEX auth_user_user_permissions_permission_id_1fbb5f2c ON public.auth_user_user_permissions USING btree (permission_id);


--
-- Name: auth_user_user_permissions_user_id_a95ead1b; Type: INDEX; Schema: public; Owner: geoshop
--

CREATE INDEX auth_user_user_permissions_user_id_a95ead1b ON public.auth_user_user_permissions USING btree (user_id);


--
-- Name: auth_user_username_6821ab7c_like; Type: INDEX; Schema: public; Owner: geoshop
--

CREATE INDEX auth_user_username_6821ab7c_like ON public.auth_user USING btree (username varchar_pattern_ops);


--
-- Name: contact_belongs_to_id_56f90c0f; Type: INDEX; Schema: public; Owner: geoshop
--

CREATE INDEX contact_belongs_to_id_56f90c0f ON public.contact USING btree (belongs_to_id);


--
-- Name: django_admin_log_content_type_id_c4bce8eb; Type: INDEX; Schema: public; Owner: geoshop
--

CREATE INDEX django_admin_log_content_type_id_c4bce8eb ON public.django_admin_log USING btree (content_type_id);


--
-- Name: django_admin_log_user_id_c564eba6; Type: INDEX; Schema: public; Owner: geoshop
--

CREATE INDEX django_admin_log_user_id_c564eba6 ON public.django_admin_log USING btree (user_id);


--
-- Name: django_session_expire_date_a5c62663; Type: INDEX; Schema: public; Owner: geoshop
--

CREATE INDEX django_session_expire_date_a5c62663 ON public.django_session USING btree (expire_date);


--
-- Name: django_session_session_key_c0390e0f_like; Type: INDEX; Schema: public; Owner: geoshop
--

CREATE INDEX django_session_session_key_c0390e0f_like ON public.django_session USING btree (session_key varchar_pattern_ops);


--
-- Name: django_site_domain_a2e37b91_like; Type: INDEX; Schema: public; Owner: geoshop
--

CREATE INDEX django_site_domain_a2e37b91_like ON public.django_site USING btree (domain varchar_pattern_ops);


--
-- Name: metadata_category_ech_notation_0b535331_like; Type: INDEX; Schema: public; Owner: geoshop
--

CREATE INDEX metadata_category_ech_notation_0b535331_like ON public.metadata_category_ech USING btree (notation varchar_pattern_ops);


--
-- Name: metadata_contact_persons_contact_person_id_7423c386; Type: INDEX; Schema: public; Owner: geoshop
--

CREATE INDEX metadata_contact_persons_contact_person_id_7423c386 ON public.metadata_contact_persons USING btree (contact_person_id);


--
-- Name: metadata_contact_persons_metadata_id_dfdd31e6; Type: INDEX; Schema: public; Owner: geoshop
--

CREATE INDEX metadata_contact_persons_metadata_id_dfdd31e6 ON public.metadata_contact_persons USING btree (metadata_id);


--
-- Name: metadata_copyright_id_93b98b00; Type: INDEX; Schema: public; Owner: geoshop
--

CREATE INDEX metadata_copyright_id_93b98b00 ON public.metadata USING btree (copyright_id);


--
-- Name: metadata_documents_document_id_f1de5144; Type: INDEX; Schema: public; Owner: geoshop
--

CREATE INDEX metadata_documents_document_id_f1de5144 ON public.metadata_documents USING btree (document_id);


--
-- Name: metadata_documents_metadata_id_1bf6884e; Type: INDEX; Schema: public; Owner: geoshop
--

CREATE INDEX metadata_documents_metadata_id_1bf6884e ON public.metadata_documents USING btree (metadata_id);


--
-- Name: metadata_ech_category_id_0f93f831; Type: INDEX; Schema: public; Owner: geoshop
--

CREATE INDEX metadata_ech_category_id_0f93f831 ON public.metadata USING btree (ech_category_id);


--
-- Name: metadata_id_name_c4a8ba2d_like; Type: INDEX; Schema: public; Owner: geoshop
--

CREATE INDEX metadata_id_name_c4a8ba2d_like ON public.metadata USING btree (id_name varchar_pattern_ops);


--
-- Name: metadata_modified_user_id_c19bcf69; Type: INDEX; Schema: public; Owner: geoshop
--

CREATE INDEX metadata_modified_user_id_c19bcf69 ON public.metadata USING btree (modified_user_id);


--
-- Name: order_client_id_53f540f5; Type: INDEX; Schema: public; Owner: geoshop
--

CREATE INDEX order_client_id_53f540f5 ON public."order" USING btree (client_id);


--
-- Name: order_geom_a016a8c5_id; Type: INDEX; Schema: public; Owner: geoshop
--

CREATE INDEX order_geom_a016a8c5_id ON public."order" USING gist (geom);


--
-- Name: order_invoice_contact_id_893647e6; Type: INDEX; Schema: public; Owner: geoshop
--

CREATE INDEX order_invoice_contact_id_893647e6 ON public."order" USING btree (invoice_contact_id);


--
-- Name: order_item_data_format_id_73f76eba; Type: INDEX; Schema: public; Owner: geoshop
--

CREATE INDEX order_item_data_format_id_73f76eba ON public.order_item USING btree (data_format_id);


--
-- Name: order_item_order_id_0ca9e92e; Type: INDEX; Schema: public; Owner: geoshop
--

CREATE INDEX order_item_order_id_0ca9e92e ON public.order_item USING btree (order_id);


--
-- Name: order_item_product_id_62a1cc4c; Type: INDEX; Schema: public; Owner: geoshop
--

CREATE INDEX order_item_product_id_62a1cc4c ON public.order_item USING btree (product_id);


--
-- Name: order_order_type_id_5c8bb9e8; Type: INDEX; Schema: public; Owner: geoshop
--

CREATE INDEX order_order_type_id_5c8bb9e8 ON public."order" USING btree (order_type_id);


--
-- Name: pricing_lay_name_23aff9_btree; Type: INDEX; Schema: public; Owner: geoshop
--

CREATE INDEX pricing_lay_name_23aff9_btree ON public.pricing_layer USING btree (name);


--
-- Name: pricing_layer_geom_8f0736c4_id; Type: INDEX; Schema: public; Owner: geoshop
--

CREATE INDEX pricing_layer_geom_8f0736c4_id ON public.pricing_layer USING gist (geom);


--
-- Name: pricing_layer_pricing_id_afcadfe4; Type: INDEX; Schema: public; Owner: geoshop
--

CREATE INDEX pricing_layer_pricing_id_afcadfe4 ON public.pricing_layer USING btree (pricing_id);


--
-- Name: product_field_product_id_55c728bb; Type: INDEX; Schema: public; Owner: geoshop
--

CREATE INDEX product_field_product_id_55c728bb ON public.product_field USING btree (product_id);


--
-- Name: product_format_data_format_id_af01b28d; Type: INDEX; Schema: public; Owner: geoshop
--

CREATE INDEX product_format_data_format_id_af01b28d ON public.product_format USING btree (data_format_id);


--
-- Name: product_format_product_id_0fbf168e; Type: INDEX; Schema: public; Owner: geoshop
--

CREATE INDEX product_format_product_id_0fbf168e ON public.product_format USING btree (product_id);


--
-- Name: product_geom2_id; Type: INDEX; Schema: public; Owner: geoshop
--

CREATE INDEX product_geom2_id ON public.product USING gist (geom);


--
-- Name: product_group_id_063cac35; Type: INDEX; Schema: public; Owner: geoshop
--

CREATE INDEX product_group_id_063cac35 ON public.product USING btree (group_id);


--
-- Name: product_label_221e8af1_like; Type: INDEX; Schema: public; Owner: geoshop
--

CREATE INDEX product_label_221e8af1_like ON public.product USING btree (label varchar_pattern_ops);


--
-- Name: product_metadata_id_9413f0a9; Type: INDEX; Schema: public; Owner: geoshop
--

CREATE INDEX product_metadata_id_9413f0a9 ON public.product USING btree (metadata_id);


--
-- Name: product_pricing_id_301f6e8e; Type: INDEX; Schema: public; Owner: geoshop
--

CREATE INDEX product_pricing_id_301f6e8e ON public.product USING btree (pricing_id);


--
-- Name: product_provider_id_36cc025e; Type: INDEX; Schema: public; Owner: geoshop
--

CREATE INDEX product_provider_id_36cc025e ON public.product USING btree (provider_id);


--
-- Name: product_ts_96c462_gin; Type: INDEX; Schema: public; Owner: geoshop
--

CREATE INDEX product_ts_96c462_gin ON public.product USING gin (ts);


--
-- Name: user_change_client_id_20679dae; Type: INDEX; Schema: public; Owner: geoshop
--

CREATE INDEX user_change_client_id_20679dae ON public.user_change USING btree (client_id);


--
-- Name: account_emailaddress account_emailaddress_user_id_2c513194_fk_auth_user_id; Type: FK CONSTRAINT; Schema: public; Owner: geoshop
--

ALTER TABLE ONLY public.account_emailaddress
    ADD CONSTRAINT account_emailaddress_user_id_2c513194_fk_auth_user_id FOREIGN KEY (user_id) REFERENCES public.auth_user(id) DEFERRABLE INITIALLY DEFERRED;


--
-- Name: account_emailconfirmation account_emailconfirm_email_address_id_5b7f8c58_fk_account_e; Type: FK CONSTRAINT; Schema: public; Owner: geoshop
--

ALTER TABLE ONLY public.account_emailconfirmation
    ADD CONSTRAINT account_emailconfirm_email_address_id_5b7f8c58_fk_account_e FOREIGN KEY (email_address_id) REFERENCES public.account_emailaddress(id) DEFERRABLE INITIALLY DEFERRED;


--
-- Name: auth_group_permissions auth_group_permissio_permission_id_84c5c92e_fk_auth_perm; Type: FK CONSTRAINT; Schema: public; Owner: geoshop
--

ALTER TABLE ONLY public.auth_group_permissions
    ADD CONSTRAINT auth_group_permissio_permission_id_84c5c92e_fk_auth_perm FOREIGN KEY (permission_id) REFERENCES public.auth_permission(id) DEFERRABLE INITIALLY DEFERRED;


--
-- Name: auth_group_permissions auth_group_permissions_group_id_b120cbf9_fk_auth_group_id; Type: FK CONSTRAINT; Schema: public; Owner: geoshop
--

ALTER TABLE ONLY public.auth_group_permissions
    ADD CONSTRAINT auth_group_permissions_group_id_b120cbf9_fk_auth_group_id FOREIGN KEY (group_id) REFERENCES public.auth_group(id) DEFERRABLE INITIALLY DEFERRED;


--
-- Name: auth_permission auth_permission_content_type_id_2f476e4b_fk_django_co; Type: FK CONSTRAINT; Schema: public; Owner: geoshop
--

ALTER TABLE ONLY public.auth_permission
    ADD CONSTRAINT auth_permission_content_type_id_2f476e4b_fk_django_co FOREIGN KEY (content_type_id) REFERENCES public.django_content_type(id) DEFERRABLE INITIALLY DEFERRED;


--
-- Name: auth_user_groups auth_user_groups_group_id_97559544_fk_auth_group_id; Type: FK CONSTRAINT; Schema: public; Owner: geoshop
--

ALTER TABLE ONLY public.auth_user_groups
    ADD CONSTRAINT auth_user_groups_group_id_97559544_fk_auth_group_id FOREIGN KEY (group_id) REFERENCES public.auth_group(id) DEFERRABLE INITIALLY DEFERRED;


--
-- Name: auth_user_groups auth_user_groups_user_id_6a12ed8b_fk_auth_user_id; Type: FK CONSTRAINT; Schema: public; Owner: geoshop
--

ALTER TABLE ONLY public.auth_user_groups
    ADD CONSTRAINT auth_user_groups_user_id_6a12ed8b_fk_auth_user_id FOREIGN KEY (user_id) REFERENCES public.auth_user(id) DEFERRABLE INITIALLY DEFERRED;


--
-- Name: auth_user_user_permissions auth_user_user_permi_permission_id_1fbb5f2c_fk_auth_perm; Type: FK CONSTRAINT; Schema: public; Owner: geoshop
--

ALTER TABLE ONLY public.auth_user_user_permissions
    ADD CONSTRAINT auth_user_user_permi_permission_id_1fbb5f2c_fk_auth_perm FOREIGN KEY (permission_id) REFERENCES public.auth_permission(id) DEFERRABLE INITIALLY DEFERRED;


--
-- Name: auth_user_user_permissions auth_user_user_permissions_user_id_a95ead1b_fk_auth_user_id; Type: FK CONSTRAINT; Schema: public; Owner: geoshop
--

ALTER TABLE ONLY public.auth_user_user_permissions
    ADD CONSTRAINT auth_user_user_permissions_user_id_a95ead1b_fk_auth_user_id FOREIGN KEY (user_id) REFERENCES public.auth_user(id) DEFERRABLE INITIALLY DEFERRED;


--
-- Name: contact contact_belongs_to_id_56f90c0f_fk_auth_user_id; Type: FK CONSTRAINT; Schema: public; Owner: geoshop
--

ALTER TABLE ONLY public.contact
    ADD CONSTRAINT contact_belongs_to_id_56f90c0f_fk_auth_user_id FOREIGN KEY (belongs_to_id) REFERENCES public.auth_user(id) DEFERRABLE INITIALLY DEFERRED;


--
-- Name: django_admin_log django_admin_log_content_type_id_c4bce8eb_fk_django_co; Type: FK CONSTRAINT; Schema: public; Owner: geoshop
--

ALTER TABLE ONLY public.django_admin_log
    ADD CONSTRAINT django_admin_log_content_type_id_c4bce8eb_fk_django_co FOREIGN KEY (content_type_id) REFERENCES public.django_content_type(id) DEFERRABLE INITIALLY DEFERRED;


--
-- Name: django_admin_log django_admin_log_user_id_c564eba6_fk_auth_user_id; Type: FK CONSTRAINT; Schema: public; Owner: geoshop
--

ALTER TABLE ONLY public.django_admin_log
    ADD CONSTRAINT django_admin_log_user_id_c564eba6_fk_auth_user_id FOREIGN KEY (user_id) REFERENCES public.auth_user(id) DEFERRABLE INITIALLY DEFERRED;


--
-- Name: identity identity_user_id_3e67743b_fk_auth_user_id; Type: FK CONSTRAINT; Schema: public; Owner: geoshop
--

ALTER TABLE ONLY public.identity
    ADD CONSTRAINT identity_user_id_3e67743b_fk_auth_user_id FOREIGN KEY (user_id) REFERENCES public.auth_user(id) DEFERRABLE INITIALLY DEFERRED;


--
-- Name: metadata_contact_persons metadata_contact_per_contact_person_id_7423c386_fk_identity_; Type: FK CONSTRAINT; Schema: public; Owner: geoshop
--

ALTER TABLE ONLY public.metadata_contact_persons
    ADD CONSTRAINT metadata_contact_per_contact_person_id_7423c386_fk_identity_ FOREIGN KEY (contact_person_id) REFERENCES public.identity(id) DEFERRABLE INITIALLY DEFERRED;


--
-- Name: metadata_contact_persons metadata_contact_persons_metadata_id_dfdd31e6_fk_metadata_id; Type: FK CONSTRAINT; Schema: public; Owner: geoshop
--

ALTER TABLE ONLY public.metadata_contact_persons
    ADD CONSTRAINT metadata_contact_persons_metadata_id_dfdd31e6_fk_metadata_id FOREIGN KEY (metadata_id) REFERENCES public.metadata(id) DEFERRABLE INITIALLY DEFERRED;


--
-- Name: metadata metadata_copyright_id_93b98b00_fk_copyright_id; Type: FK CONSTRAINT; Schema: public; Owner: geoshop
--

ALTER TABLE ONLY public.metadata
    ADD CONSTRAINT metadata_copyright_id_93b98b00_fk_copyright_id FOREIGN KEY (copyright_id) REFERENCES public.copyright(id) DEFERRABLE INITIALLY DEFERRED;


--
-- Name: metadata_documents metadata_documents_document_id_f1de5144_fk_document_id; Type: FK CONSTRAINT; Schema: public; Owner: geoshop
--

ALTER TABLE ONLY public.metadata_documents
    ADD CONSTRAINT metadata_documents_document_id_f1de5144_fk_document_id FOREIGN KEY (document_id) REFERENCES public.document(id) DEFERRABLE INITIALLY DEFERRED;


--
-- Name: metadata_documents metadata_documents_metadata_id_1bf6884e_fk_metadata_id; Type: FK CONSTRAINT; Schema: public; Owner: geoshop
--

ALTER TABLE ONLY public.metadata_documents
    ADD CONSTRAINT metadata_documents_metadata_id_1bf6884e_fk_metadata_id FOREIGN KEY (metadata_id) REFERENCES public.metadata(id) DEFERRABLE INITIALLY DEFERRED;


--
-- Name: metadata metadata_ech_category_id_0f93f831_fk_metadata_category_ech_id; Type: FK CONSTRAINT; Schema: public; Owner: geoshop
--

ALTER TABLE ONLY public.metadata
    ADD CONSTRAINT metadata_ech_category_id_0f93f831_fk_metadata_category_ech_id FOREIGN KEY (ech_category_id) REFERENCES public.metadata_category_ech(id) DEFERRABLE INITIALLY DEFERRED;


--
-- Name: metadata metadata_modified_user_id_c19bcf69_fk_auth_user_id; Type: FK CONSTRAINT; Schema: public; Owner: geoshop
--

ALTER TABLE ONLY public.metadata
    ADD CONSTRAINT metadata_modified_user_id_c19bcf69_fk_auth_user_id FOREIGN KEY (modified_user_id) REFERENCES public.auth_user(id) DEFERRABLE INITIALLY DEFERRED;


--
-- Name: order order_client_id_53f540f5_fk_auth_user_id; Type: FK CONSTRAINT; Schema: public; Owner: geoshop
--

ALTER TABLE ONLY public."order"
    ADD CONSTRAINT order_client_id_53f540f5_fk_auth_user_id FOREIGN KEY (client_id) REFERENCES public.auth_user(id) DEFERRABLE INITIALLY DEFERRED;


--
-- Name: order order_invoice_contact_id_893647e6_fk_contact_id; Type: FK CONSTRAINT; Schema: public; Owner: geoshop
--

ALTER TABLE ONLY public."order"
    ADD CONSTRAINT order_invoice_contact_id_893647e6_fk_contact_id FOREIGN KEY (invoice_contact_id) REFERENCES public.contact(id) DEFERRABLE INITIALLY DEFERRED;


--
-- Name: order_item order_item_data_format_id_73f76eba_fk_data_format_id; Type: FK CONSTRAINT; Schema: public; Owner: geoshop
--

ALTER TABLE ONLY public.order_item
    ADD CONSTRAINT order_item_data_format_id_73f76eba_fk_data_format_id FOREIGN KEY (data_format_id) REFERENCES public.data_format(id) DEFERRABLE INITIALLY DEFERRED;


--
-- Name: order_item order_item_order_id_0ca9e92e_fk_order_id; Type: FK CONSTRAINT; Schema: public; Owner: geoshop
--

ALTER TABLE ONLY public.order_item
    ADD CONSTRAINT order_item_order_id_0ca9e92e_fk_order_id FOREIGN KEY (order_id) REFERENCES public."order"(id) DEFERRABLE INITIALLY DEFERRED;


--
-- Name: order_item order_item_product_id_62a1cc4c_fk_product_id; Type: FK CONSTRAINT; Schema: public; Owner: geoshop
--

ALTER TABLE ONLY public.order_item
    ADD CONSTRAINT order_item_product_id_62a1cc4c_fk_product_id FOREIGN KEY (product_id) REFERENCES public.product(id) DEFERRABLE INITIALLY DEFERRED;


--
-- Name: order order_order_type_id_5c8bb9e8_fk_order_type_id; Type: FK CONSTRAINT; Schema: public; Owner: geoshop
--

ALTER TABLE ONLY public."order"
    ADD CONSTRAINT order_order_type_id_5c8bb9e8_fk_order_type_id FOREIGN KEY (order_type_id) REFERENCES public.order_type(id) DEFERRABLE INITIALLY DEFERRED;


--
-- Name: pricing_layer pricing_layer_pricing_id_afcadfe4_fk_pricing_id; Type: FK CONSTRAINT; Schema: public; Owner: geoshop
--

ALTER TABLE ONLY public.pricing_layer
    ADD CONSTRAINT pricing_layer_pricing_id_afcadfe4_fk_pricing_id FOREIGN KEY (pricing_id) REFERENCES public.pricing(id) DEFERRABLE INITIALLY DEFERRED;


--
-- Name: product_field product_field_product_id_55c728bb_fk_product_id; Type: FK CONSTRAINT; Schema: public; Owner: geoshop
--

ALTER TABLE ONLY public.product_field
    ADD CONSTRAINT product_field_product_id_55c728bb_fk_product_id FOREIGN KEY (product_id) REFERENCES public.product(id) DEFERRABLE INITIALLY DEFERRED;


--
-- Name: product_format product_format_data_format_id_af01b28d_fk_data_format_id; Type: FK CONSTRAINT; Schema: public; Owner: geoshop
--

ALTER TABLE ONLY public.product_format
    ADD CONSTRAINT product_format_data_format_id_af01b28d_fk_data_format_id FOREIGN KEY (data_format_id) REFERENCES public.data_format(id) DEFERRABLE INITIALLY DEFERRED;


--
-- Name: product_format product_format_product_id_0fbf168e_fk_product_id; Type: FK CONSTRAINT; Schema: public; Owner: geoshop
--

ALTER TABLE ONLY public.product_format
    ADD CONSTRAINT product_format_product_id_0fbf168e_fk_product_id FOREIGN KEY (product_id) REFERENCES public.product(id) DEFERRABLE INITIALLY DEFERRED;


--
-- Name: product product_group_id_063cac35_fk_product_id; Type: FK CONSTRAINT; Schema: public; Owner: geoshop
--

ALTER TABLE ONLY public.product
    ADD CONSTRAINT product_group_id_063cac35_fk_product_id FOREIGN KEY (group_id) REFERENCES public.product(id) DEFERRABLE INITIALLY DEFERRED;


--
-- Name: product product_metadata_id_9413f0a9_fk_metadata_id; Type: FK CONSTRAINT; Schema: public; Owner: geoshop
--

ALTER TABLE ONLY public.product
    ADD CONSTRAINT product_metadata_id_9413f0a9_fk_metadata_id FOREIGN KEY (metadata_id) REFERENCES public.metadata(id) DEFERRABLE INITIALLY DEFERRED;


--
-- Name: product product_pricing_id_301f6e8e_fk_pricing_id; Type: FK CONSTRAINT; Schema: public; Owner: geoshop
--

ALTER TABLE ONLY public.product
    ADD CONSTRAINT product_pricing_id_301f6e8e_fk_pricing_id FOREIGN KEY (pricing_id) REFERENCES public.pricing(id) DEFERRABLE INITIALLY DEFERRED;


--
-- Name: product product_provider_id_36cc025e_fk_auth_user_id; Type: FK CONSTRAINT; Schema: public; Owner: geoshop
--

ALTER TABLE ONLY public.product
    ADD CONSTRAINT product_provider_id_36cc025e_fk_auth_user_id FOREIGN KEY (provider_id) REFERENCES public.auth_user(id) DEFERRABLE INITIALLY DEFERRED;


--
-- Name: user_change user_change_client_id_20679dae_fk_auth_user_id; Type: FK CONSTRAINT; Schema: public; Owner: geoshop
--

ALTER TABLE ONLY public.user_change
    ADD CONSTRAINT user_change_client_id_20679dae_fk_auth_user_id FOREIGN KEY (client_id) REFERENCES public.auth_user(id) DEFERRABLE INITIALLY DEFERRED;


--
-- PostgreSQL database dump complete
--

